auc_macro,ap_macro,bal_acc,f1_macro,f1_weighted,logloss,sens_0,spec_0,auc_0,ap_0,sens_1,spec_1,auc_1,ap_1,sens_2,spec_2,auc_2,ap_2,sens_3,spec_3,auc_3,ap_3,bin_auc,bin_ap,bin_sens,bin_spec,fold,best_params,imbalance
0.7039518020842581,0.42801213865859417,0.39360961210465994,0.3648990589986672,0.536702957504066,1.0549835549477997,0.6578947368421053,0.8133140376266281,0.8068561418016822,0.6109997433003612,0.8446389496717724,0.578,0.78582056892779,0.7558871981114517,0.06,0.9541511771995044,0.5661049153242462,0.19133602590538262,0.011904761904761904,0.9896907216494846,0.6570255822833142,0.15382558731718093,0.8068561418016822,0.9112843676618401,0.9001447178002895,0.4774436090225564,0,{'clf__C': 0.01},none
0.6800698795208576,0.4141579053254988,0.37593879728976565,0.33855130358175667,0.49356640181181066,1.0918563989414283,0.6360153256704981,0.8112947658402204,0.8129254931762768,0.6335473253673355,0.8275862068965517,0.51434034416826,0.7516153491132063,0.6908387141603664,0.026455026455026454,0.9598997493734336,0.5692604527190993,0.22588146636208972,0.0136986301369863,0.9912472647702407,0.5864782230748479,0.10636411541220357,0.8129254931762768,0.917913385114359,0.8911845730027548,0.4942528735632184,1,{'clf__C': 0.01},none
0.6969641660376615,0.4313693286438543,0.39647937008323886,0.36951201321149635,0.5266354067475472,1.0487813384648126,0.6556776556776557,0.8142857142857143,0.834829931972789,0.6457831675160128,0.8403547671840355,0.5651340996168582,0.7896288367272388,0.7466700494788192,0.06321839080459771,0.9624530663329162,0.5493073238099349,0.21381343877080994,0.02666666666666667,0.9832962138084632,0.614090571640683,0.11921065880977516,0.8348299319727892,0.9265286487366462,0.8942857142857142,0.5311355311355311,2,{'clf__C': 0.01},none
0.7276178710617102,0.4498870276656477,0.39973209977116597,0.36646150543138467,0.5258648164461802,1.024381109773613,0.6750902527075813,0.8255451713395638,0.8283117963943905,0.6902862444951415,0.8634146341463415,0.5422396856581533,0.7897407638123534,0.7120317403494731,0.030120481927710843,0.9734395750332006,0.5940815053040849,0.23063726982618166,0.030303030303030304,0.9929660023446659,0.698337418736012,0.16659285599179452,0.8283117963943902,0.9044998315340094,0.9065420560747663,0.5090252707581228,3,{'clf__C': 0.01},none
0.6843585679850392,0.421938470001629,0.39523918504170313,0.36552926374526906,0.5058745032337559,1.0997638565088974,0.6571428571428571,0.7968526466380543,0.8056932644302356,0.609227948641422,0.8228699551569507,0.5321285140562249,0.7506843517568029,0.7018541083222807,0.04142011834319527,0.9754838709677419,0.5930444741362855,0.2354267468602866,0.05952380952380952,0.9883720930232558,0.5880121816168328,0.14124507618252669,0.8056932644302355,0.9105935172551302,0.8927038626609443,0.49387755102040815,4,{'clf__C': 0.01},none
0.6949442420425441,0.41964301065370246,0.4273600576934678,0.4083749754816907,0.5091507532178741,1.207693629218552,0.5789473684210527,0.8350217076700435,0.7931841180374961,0.589717906147267,0.5295404814004376,0.84,0.780800875273523,0.7554500583815232,0.22,0.8215613382899628,0.5588847583643123,0.1861835590269993,0.38095238095238093,0.8190148911798396,0.6469072164948454,0.14722051905902042,0.793184118037496,0.9013087333351189,0.9334298118668596,0.37969924812030076,0,{'clf__C': 0.01},balanced
0.6701144175353764,0.4081184271334229,0.4187922380677459,0.40353087159917256,0.503035255359027,1.2314484788183626,0.6245210727969349,0.8388429752066116,0.8084555059476689,0.6320885906540924,0.5301724137931034,0.8126195028680688,0.7536386562932683,0.6909582987877442,0.2328042328042328,0.8233082706766918,0.5351076102955802,0.20771768929661516,0.2876712328767123,0.8282275711159738,0.5832558976049877,0.1017091297952398,0.808455505947669,0.9151173897099453,0.9214876033057852,0.3946360153256705,1,{'clf__C': 0.01},balanced
0.6841636699484835,0.42415838820836543,0.4184794221758057,0.40510359674218394,0.5101791820430618,1.2012740418702217,0.6446886446886447,0.83,0.8303244374672946,0.6434006648432636,0.5365853658536586,0.8199233716475096,0.7799568434555819,0.7442269433745838,0.21264367816091953,0.8260325406758448,0.5250816394055788,0.19740289855158044,0.28,0.8385300668151447,0.6012917594654789,0.11160304606403382,0.8303244374672946,0.9221935203338338,0.9314285714285714,0.42124542124542125,2,{'clf__C': 0.01},balanced
0.7182061840198326,0.4435137251027087,0.4497859906812084,0.42242904628460876,0.5200530888207251,1.167524090524397,0.6462093862815884,0.8333333333333334,0.8243530483484597,0.6864960151260512,0.5390243902439025,0.8192534381139489,0.7847525037136422,0.7117654213482514,0.20481927710843373,0.8539176626826029,0.576945231123698,0.21893796041731178,0.4090909090909091,0.8253223915592028,0.6867739528935309,0.1568555035192203,0.8243530483484598,0.902626400831371,0.9439252336448598,0.4007220216606498,3,{'clf__C': 0.01},balanced
0.6747576398549909,0.4113598811251151,0.4175723543855412,0.4006951950079204,0.4859340088260866,1.2406027445167669,0.6122448979591837,0.8125894134477826,0.7983007795392836,0.5946694681081611,0.5,0.8092369477911646,0.735700650134169,0.6867675850495527,0.2485207100591716,0.832258064516129,0.5899599160145066,0.22891417333123457,0.30952380952380953,0.8290697674418605,0.5750692137320045,0.1350882980115122,0.7983007795392835,0.9066318237554873,0.927038626609442,0.40816326530612246,4,{'clf__C': 0.01},balanced
0.6858958084072708,0.4100721118092566,0.4142382899261283,0.40012242860995606,0.4984918424673137,1.2357327729281218,0.5375939849624061,0.8408104196816208,0.7861930513693787,0.5713441010989939,0.5207877461706784,0.836,0.7733873085339169,0.741782589001219,0.25333333333333335,0.7831474597273854,0.5451548946716233,0.17878105342838452,0.34523809523809523,0.8373424971363116,0.6388479790541646,0.14838070370842896,0.7861930513693786,0.8986312385988968,0.9218523878437048,0.37969924812030076,0,{'clf__C': 0.01},smote
0.6720687261989315,0.411749694044582,0.41630067630894274,0.402193586519862,0.5015266520933294,1.2433713879419916,0.5977011494252874,0.8402203856749312,0.8021067519500121,0.6250859290988929,0.5258620689655172,0.8221797323135756,0.7631535570646799,0.7026875654131843,0.25396825396825395,0.8208020050125313,0.5494556497062763,0.21814680480905957,0.2876712328767123,0.8183807439824945,0.5735589460747579,0.1010784768571912,0.8021067519500121,0.9098076915346831,0.9242424242424242,0.3946360153256705,1,{'clf__C': 0.01},smote
0.6746132182004877,0.4135233805457616,0.4009236236149609,0.39242840862693334,0.5017215592790063,1.221913993652627,0.6117216117216118,0.8457142857142858,0.8263526949241234,0.6297114994155636,0.5432372505543237,0.8026819923371648,0.7676257953802108,0.7271126957815797,0.19540229885057472,0.8210262828535669,0.5157884136780171,0.18971586176540362,0.25333333333333335,0.8285077951002228,0.5886859688195991,0.10755346522049937,0.8263526949241236,0.9213090663937809,0.9242857142857143,0.4468864468864469,2,{'clf__C': 0.01},smote
0.7051519149752852,0.4371540325049061,0.4325934956456337,0.4184943868300382,0.5238883391264257,1.1824441137605946,0.6462093862815884,0.8457943925233645,0.8225986031917406,0.6804175815725014,0.5341463414634147,0.8231827111984283,0.7820738895011741,0.7078115540247099,0.2469879518072289,0.8446215139442231,0.5709211347381558,0.21959603375584014,0.30303030303030304,0.8194607268464243,0.6450140324700699,0.14079096066657312,0.8225986031917406,0.9030498423644397,0.9330218068535826,0.4223826714801444,3,{'clf__C': 0.01},smote
0.6672594375932901,0.41116721988755395,0.41838944987074883,0.40288403804543993,0.4864760080287851,1.268096302830395,0.6081632653061224,0.8354792560801144,0.7929461913520772,0.5905529913368034,0.49551569506726456,0.7931726907630522,0.7296945630053847,0.6789103210831451,0.2603550295857988,0.832258064516129,0.5892956671120443,0.23270373988477502,0.30952380952380953,0.8186046511627907,0.5571013289036545,0.14250182724549215,0.7929461913520773,0.9028862099024222,0.9184549356223176,0.40408163265306124,4,{'clf__C': 0.01},smote
