auc_macro,ap_macro,bal_acc,f1_macro,f1_weighted,logloss,sens_0,spec_0,auc_0,ap_0,sens_1,spec_1,auc_1,ap_1,sens_2,spec_2,auc_2,ap_2,sens_3,spec_3,auc_3,ap_3,bin_auc,bin_ap,bin_sens,bin_spec,fold,best_params,tag
0.6935444730712453,0.440632485150224,0.3847013046840295,0.34397058294970656,0.5185214234010643,1.0396423154020624,0.6654135338345865,0.8350217076700435,0.8320185412880974,0.6806488170092675,0.8533916849015317,0.478,0.7630634573304158,0.7254420943908138,0.02,0.9851301115241635,0.5525072284180091,0.19628781909315485,0.0,1.0,0.626588665248459,0.16015121010766004,0.8320185412880974,0.9250394475279164,0.9218523878437048,0.5075187969924813,0,{'clf__C': 1.0},raw_full
0.6827801656955552,0.41136694566912757,0.3853026363802226,0.33592825189513364,0.4998777743074386,1.0559015741894893,0.6436781609195402,0.8526170798898072,0.8195381189111596,0.6272393452229322,0.8922413793103449,0.4378585086042065,0.7516812817300719,0.6812493615484125,0.005291005291005291,0.9962406015037594,0.5367784540716871,0.2206125926961966,0.0,1.0,0.6231228080693025,0.11636648320896914,0.8195381189111597,0.9147920204675456,0.9214876033057852,0.4904214559386973,1,{'clf__C': 1.0},raw_full
0.6981607500094262,0.4432539469878004,0.3936733997709607,0.34097724588469774,0.5129243714035511,1.0264951872049142,0.7032967032967034,0.8228571428571428,0.8494871794871796,0.6881006080793652,0.8713968957871396,0.5019157088122606,0.78303641970589,0.734092293898415,0.0,0.9962453066332916,0.5432077453138262,0.21384625718146727,0.0,0.9988864142538976,0.6169116555308092,0.13697662879195413,0.8494871794871794,0.9298797448880933,0.9114285714285715,0.5604395604395604,2,{'clf__C': 1.0},raw_full
0.7116523509873817,0.4497976785831712,0.38855938534770973,0.3438554604599381,0.5096821416555716,1.033035925571015,0.631768953068592,0.8535825545171339,0.8257194912109045,0.6962173250713682,0.9073170731707317,0.46168958742632615,0.7886721932052326,0.7257686357728597,0.0,0.9960159362549801,0.5673450775212403,0.22074221159597618,0.015151515151515152,1.0,0.6648726420121497,0.1564625418924806,0.8257194912109046,0.904918808065164,0.9392523364485982,0.48014440433212996,3,{'clf__C': 1.0},raw_full
0.6753012447869007,0.4115405412145356,0.36927008338825223,0.3208071679653999,0.48072344753780555,1.0910634654101767,0.5877551020408164,0.8383404864091559,0.7828618142535984,0.5737140413882987,0.8834080717488789,0.41967871485943775,0.7505537846453076,0.7073868634274558,0.005917159763313609,0.9961290322580645,0.5546249284214544,0.20965426320056266,0.0,1.0,0.6131644518272426,0.15540699684182502,0.7828618142535986,0.901094366855493,0.9084406294706724,0.46530612244897956,4,{'clf__C': 1.0},raw_full
0.6982732623622364,0.44291749681370285,0.388556155158136,0.3489200779982878,0.5236682385049412,1.0342098242735507,0.6654135338345865,0.8364688856729378,0.8378453369313298,0.6815419389886809,0.862144420131291,0.482,0.7646039387308534,0.7304025989172462,0.02666666666666667,0.9888475836431226,0.553118546055349,0.18735417028087953,0.0,0.9988545246277205,0.6375252277314133,0.17237127906800465,0.8378453369313299,0.9269790373248479,0.914616497829233,0.5338345864661654,0,{'clf__C': 1.0},clahe_full
0.6876722483114706,0.4134998795711773,0.38350665936872835,0.33318173737539986,0.49817069254908286,1.0529415397366901,0.632183908045977,0.8415977961432507,0.8221873911529084,0.6330279253359968,0.896551724137931,0.44933078393881454,0.7450838992549613,0.6668344235933769,0.005291005291005291,0.9974937343358395,0.537288989669942,0.21387709890874645,0.0,1.0,0.6461287131680704,0.1402600704465891,0.8221873911529085,0.9140575933575042,0.9214876033057852,0.5134099616858238,1,{'clf__C': 1.0},clahe_full
0.7038250980489111,0.44979496344461745,0.4028870316675195,0.3535150157109693,0.521971705071106,1.019158485896918,0.717948717948718,0.84,0.8506070120355835,0.6958148190403315,0.8802660753880266,0.49233716475095785,0.7912939317480948,0.7459115846510458,0.0,0.9987484355444305,0.5370074662293384,0.20756145172114035,0.013333333333333334,0.9988864142538976,0.636391982182628,0.14989199836595202,0.8506070120355835,0.9334001478180398,0.9,0.5604395604395604,2,{'clf__C': 1.0},clahe_full
0.7101400361790338,0.45969200916974706,0.39775978086865377,0.3521046377083529,0.5253007143021696,1.0215861060182942,0.6570397111913358,0.867601246105919,0.8388722066646424,0.7125957309567742,0.9219512195121952,0.47347740667976423,0.795414250802626,0.7367044027471125,0.012048192771084338,0.9960159362549801,0.5530888494215906,0.22881042730230985,0.0,0.9988276670574443,0.6531848378272762,0.16065747567279162,0.8388722066646422,0.9134372552465699,0.9392523364485982,0.5018050541516246,3,{'clf__C': 1.0},clahe_full
0.6781466814928575,0.41280888808950544,0.3708520179372197,0.3215069417509258,0.48264437317295383,1.0850425759098214,0.6,0.844062947067239,0.7958424571545357,0.5863270408505512,0.8834080717488789,0.42369477911646586,0.7516298377365965,0.7022006944428582,0.0,0.9909677419354839,0.5451116625310174,0.20443914482039066,0.0,1.0,0.6200027685492802,0.1582686722442217,0.7958424571545356,0.907396110916051,0.9041487839771102,0.4816326530612245,4,{'clf__C': 1.0},clahe_full
0.7142240768856398,0.4376438490914204,0.3840444108082021,0.33971854134915946,0.5168251092148822,1.0331306722583733,0.6541353383458647,0.8248914616497829,0.82200798668161,0.6472960812222832,0.8687089715536105,0.48,0.7860525164113785,0.7674754330134439,0.013333333333333334,0.9962825278810409,0.5932011565468814,0.1951432242517906,0.0,1.0,0.6556346479026891,0.1406606578781639,0.8220079866816099,0.9189507959594113,0.918958031837916,0.48120300751879697,0,{'clf__C': 0.3},raw_mask
0.6864095383775604,0.41785373342141335,0.39154579456303595,0.3431103401849149,0.506539714386914,1.06022622407999,0.6743295019157088,0.8195592286501377,0.8192161953917441,0.6377431314536011,0.8706896551724138,0.491395793499044,0.7432625107140503,0.6718610411132646,0.021164021164021163,0.9924812030075187,0.5717269363885905,0.2414864701974098,0.0,1.0,0.6114325110158567,0.12032429092137792,0.8192161953917441,0.9174089258942726,0.9022038567493113,0.5057471264367817,1,{'clf__C': 1.0},raw_mask
0.7095655392738176,0.4516141143624997,0.4075956983862787,0.3615541268207763,0.5325144977957592,1.0138658013813913,0.7289377289377289,0.8057142857142857,0.8511459968602826,0.6769438910349953,0.8669623059866962,0.5555555555555556,0.8008299988956002,0.7643626288461147,0.034482758620689655,0.9887359198998749,0.5486024196912808,0.21383233904641372,0.0,1.0,0.6376837416481069,0.1513175985224751,0.8511459968602826,0.9355238714681656,0.9142857142857143,0.5238095238095238,2,{'clf__C': 1.0},raw_mask
0.7170995341413706,0.444210803760793,0.39132727970966374,0.341787424033941,0.5133459780707681,1.0265118898761216,0.6714801444043321,0.82398753894081,0.8287279147969454,0.6894395892661822,0.8878048780487805,0.5049115913555993,0.786856102352772,0.7317926894615826,0.006024096385542169,0.9960159362549801,0.5752412038592618,0.20963797493553676,0.0,1.0,0.6775729155565029,0.14597296137987065,0.8287279147969455,0.9119066361753636,0.9112149532710281,0.4981949458483754,3,{'clf__C': 0.3},raw_mask
0.685127190353023,0.4318458979982084,0.38610972873772853,0.3403121540081157,0.499548696488587,1.0710381033593512,0.6448979591836734,0.8197424892703863,0.8088639747744591,0.6148665541396083,0.8699551569506726,0.4738955823293173,0.757199200389,0.7188033225663734,0.029585798816568046,0.9935483870967742,0.5835541133804161,0.23635642062490858,0.0,1.0,0.590891472868217,0.15735729466194348,0.808863974774459,0.911560392329561,0.9098712446351931,0.49387755102040815,4,{'clf__C': 1.0},raw_mask
0.7150575577055857,0.44546784645168536,0.39316335148593584,0.35695491661043405,0.531310327240512,1.026872827410035,0.6616541353383458,0.8234442836468886,0.8307182572930155,0.6543554731899226,0.8643326039387309,0.518,0.7897986870897156,0.7665257886949013,0.04666666666666667,0.9801734820322181,0.5875423378769103,0.1934138280252904,0.0,1.0,0.6521709485627013,0.1675762958966272,0.8307182572930154,0.9228297905363069,0.9088277858176556,0.5,0,{'clf__C': 1.0},default
0.7056281392115159,0.4358785710521653,0.3962096332785988,0.34576287718013715,0.5116601726315289,1.0368164398513993,0.6896551724137931,0.8236914600550964,0.8284886482378646,0.6543266109940569,0.8793103448275862,0.5009560229445507,0.769310015164502,0.701942431125856,0.015873015873015872,0.9912280701754386,0.587367890626036,0.24801705646381633,0.0,1.0,0.6373460028176613,0.13922818562493205,0.8284886482378646,0.9234412699660863,0.9008264462809917,0.5325670498084292,1,{'clf__C': 1.0},default
0.7184068827271364,0.4569349538440888,0.403965987754886,0.3582069321999828,0.5299420573894877,1.005452110821132,0.717948717948718,0.8128571428571428,0.8553584510727368,0.6885760460312977,0.8691796008869179,0.5517241379310345,0.8067172991479131,0.7780252104590023,0.028735632183908046,0.981226533166458,0.5619452476515184,0.22195882789762028,0.0,1.0,0.6496065330363772,0.13917973098843495,0.8553584510727368,0.9387994028692817,0.9014285714285715,0.5457875457875457,2,{'clf__C': 1.0},default
0.7234383579177174,0.451409897540315,0.40090136012925526,0.3532041969330105,0.5247252470269382,1.0121030168576286,0.7148014440433214,0.8146417445482866,0.841278945533475,0.7018328320492683,0.8707317073170732,0.5363457760314342,0.7981551583688725,0.739766935926288,0.018072289156626505,0.9920318725099602,0.5750412006592105,0.2159639434066405,0.0,1.0,0.6792781271093111,0.14807587877906336,0.841278945533475,0.920823776761547,0.9080996884735203,0.516245487364621,3,{'clf__C': 0.3},default
0.6868808992913463,0.4307502770022787,0.3826922670785087,0.332168436303519,0.49403796087876517,1.0674479551146594,0.6489795918367347,0.8154506437768241,0.8135295319844676,0.604090035196735,0.8699551569506726,0.4779116465863454,0.7686575900012607,0.7373711265643657,0.011834319526627219,0.9935483870967742,0.5870280587898453,0.2310850897901142,0.0,0.9988372093023256,0.5783084163898118,0.15045485645789977,0.8135295319844676,0.9150219622179641,0.899856938483548,0.5183673469387755,4,{'clf__C': 1.0},default
