auc_macro,ap_macro,bal_acc,f1_macro,f1_weighted,logloss,sens_0,spec_0,auc_0,ap_0,sens_1,spec_1,auc_1,ap_1,sens_2,spec_2,auc_2,ap_2,sens_3,spec_3,auc_3,ap_3,bin_auc,bin_ap,bin_sens,bin_spec,fold,best_params,featureset,model,n_features
0.5,0.25,0.25,0.1615983026874116,0.3086747098355156,1.2155771346970654,0.0,1.0,0.5,0.2779519331243469,1.0,0.0,0.5,0.477533960292581,0.0,1.0,0.5,0.15673981191222572,0.0,1.0,0.5,0.0877742946708464,0.5,0.722048066875653,1.0,0.0,0,{},-,dummy,46
0.5,0.25,0.25,0.15988973121984837,0.30066397279031265,1.2173902618715489,0.0,1.0,0.5,0.26443768996960487,1.0,0.0,0.5,0.47011144883485306,0.0,1.0,0.5,0.19148936170212766,0.0,1.0,0.5,0.07396149949341439,0.5,0.7355623100303952,1.0,0.0,1,{},-,dummy,46
0.5,0.25,0.25,0.1583567415730337,0.2936028384355116,1.2185105210713787,0.0,1.0,0.5,0.2805755395683453,1.0,0.0,0.5,0.4635149023638232,0.0,1.0,0.5,0.17882836587872558,0.0,1.0,0.5,0.07708119218910586,0.5,0.7194244604316546,1.0,0.0,2,{},-,dummy,46
0.5,0.25,0.25,0.1542513167795335,0.27526894398088675,1.2228527351330138,0.0,1.0,0.5,0.3014145810663765,1.0,0.0,0.5,0.44613710554951036,0.0,1.0,0.5,0.18063112078346028,0.0,1.0,0.5,0.07181719260065289,0.5,0.6985854189336235,1.0,0.0,3,{},-,dummy,46
0.5,0.25,0.25,0.160431654676259,0.30318863553225217,1.2292573888540648,0.0,1.0,0.5,0.2595338983050847,1.0,0.0,0.5,0.4724576271186441,0.0,1.0,0.5,0.17902542372881355,0.0,1.0,0.5,0.08898305084745763,0.5,0.7404661016949152,1.0,0.0,4,{},-,dummy,46
0.6158441281209206,0.3439454673776757,0.3306502580301959,0.31379848289541623,0.4010607853563005,1.3115963559765713,0.4924812030075188,0.7496382054992764,0.7106188046092076,0.46153205770448724,0.4310722100656455,0.734,0.6600525164113785,0.630562016603737,0.11333333333333333,0.8587360594795539,0.4966625361420901,0.15146436089870213,0.2857142857142857,0.8075601374570447,0.5960426553210059,0.1322234343037762,0.7106188046092076,0.8640519564227291,0.9884225759768451,0.041353383458646614,0,{'clf__C': 0.01},int,logreg,46
0.5977918577205936,0.3448655448893381,0.3448105988183338,0.3300853175964683,0.41767897232053475,1.3333656679179762,0.5363984674329502,0.7258953168044077,0.7041892277001995,0.47772415961031856,0.4331896551724138,0.8049713193116634,0.6802226874134634,0.6258992677637519,0.19047619047619047,0.8308270676691729,0.4961742981793107,0.186059479101663,0.2191780821917808,0.8271334792122538,0.5105812175894008,0.08977927308161901,0.7041892277001994,0.8521245598759601,0.9848484848484849,0.0842911877394636,1,{'clf__C': 0.01},int,logreg,46
0.6239323586706309,0.3547793575897409,0.3453664418004199,0.328159978936833,0.4156223139806264,1.3079448839947894,0.5641025641025641,0.7128571428571429,0.7141548927263213,0.4760387968565285,0.4279379157427938,0.7758620689655172,0.6761432661348558,0.6339613573676349,0.14942528735632185,0.8948685857321652,0.5571907413001884,0.21959681039095047,0.24,0.799554565701559,0.5482405345211582,0.0895204657438495,0.7141548927263214,0.8595076050689596,0.9814285714285714,0.06593406593406594,2,{'clf__C': 0.01},int,logreg,46
0.6267750945892854,0.3522701484884976,0.36696231964929366,0.33694094572569266,0.41909108367785053,1.3216123854505735,0.5956678700361011,0.7383177570093458,0.7094874995782584,0.4982951684179634,0.424390243902439,0.7426326129666012,0.6517681728880158,0.5734945003625744,0.1144578313253012,0.900398406374502,0.5432566921070737,0.20516091602666592,0.3333333333333333,0.8065650644783119,0.6025880137837933,0.1321300091467864,0.7094874995782584,0.8290558582670633,0.9781931464174455,0.05776173285198556,3,{'clf__C': 0.01},int,logreg,46
0.6180333414412282,0.35453061674087777,0.33934037594659483,0.3138696444200607,0.3878358786240887,1.3166806904104351,0.5265306122448979,0.7238912732474965,0.6913491576888265,0.49317302054240775,0.4147982062780269,0.7429718875502008,0.6527590181353214,0.6003329276117345,0.10650887573964497,0.88,0.5349188776484062,0.19167370541571607,0.30952380952380953,0.8,0.5931063122923588,0.13294281339365283,0.6913491576888267,0.8546024822905001,0.9971387696709585,0.044897959183673466,4,{'clf__C': 0.01},int,logreg,46
0.6204099684076587,0.353986480932573,0.3324702620884816,0.2901202020943596,0.4570960258554488,1.1414741220321154,0.4699248120300752,0.8219971056439942,0.7301557076482814,0.4941928601603852,0.8599562363238512,0.368,0.6816980306345732,0.6229343948282394,0.0,1.0,0.5235852953325073,0.17393805203772816,0.0,1.0,0.5462008400152729,0.12488061670393918,0.7301557076482813,0.8631820710786826,0.9667149059334298,0.14661654135338345,0,{'clf__C': 1.0},int,svm_rbf,46
0.6203064950798748,0.3677968632273673,0.3410560344827586,0.2941148152605608,0.44729189171590766,1.1369050359080333,0.5172413793103449,0.8223140495867769,0.7418859440803014,0.5255842907552651,0.8469827586206896,0.3690248565965583,0.707535273950023,0.6679216290410881,0.0,1.0,0.5345175107079869,0.19914582450247398,0.0,1.0,0.4972872515811876,0.07853570861064199,0.7418859440803014,0.8757814122148962,0.940771349862259,0.26436781609195403,1,{'clf__C': 1.0},int,svm_rbf,46
0.640048800409599,0.3775229069265748,0.3286063529965969,0.28349365418952177,0.43876067928360124,1.13571499733527,0.4652014652014652,0.8071428571428572,0.7312715855572999,0.49917311912623097,0.8492239467849224,0.3716475095785441,0.6974326953300881,0.6616911319112101,0.0,1.0,0.5411865406470733,0.21955159571957977,0.0,1.0,0.5903043801039347,0.1296757809492783,0.7312715855572999,0.8723676834678087,0.9228571428571428,0.23809523809523808,2,{'clf__C': 1.0},int,svm_rbf,46
0.6283914805791553,0.35279669912418754,0.3372809720876992,0.29180894711038097,0.44510275503995045,1.1435349166750266,0.51985559566787,0.7975077881619937,0.7316936018983997,0.5323642375336517,0.8292682926829268,0.40078585461689586,0.6750946379797786,0.5934393872571831,0.0,1.0,0.5382406118497896,0.1922575479793982,0.0,1.0,0.5685370705886532,0.0931256237265169,0.7316936018983996,0.8439227174378099,0.9501557632398754,0.22021660649819494,3,{'clf__C': 1.0},int,svm_rbf,46
0.6069102471392441,0.34954520229798064,0.3301066166376865,0.2818662839381524,0.43214353861196453,1.1704007754316574,0.5020408163265306,0.7811158798283262,0.7061049312428834,0.5159284230171163,0.8183856502242153,0.39156626506024095,0.6547535433212672,0.5831045816403067,0.0,1.0,0.5129757587325825,0.18803282102402172,0.0,1.0,0.5538067552602436,0.11111498351047809,0.7061049312428834,0.8477254234002338,0.9556509298998569,0.22857142857142856,4,{'clf__C': 3.0},int,svm_rbf,46
0.6082553439188232,0.34979776885089825,0.3412031857543202,0.3225203173605978,0.4643201499169527,1.2146854510622398,0.5789473684210527,0.7337192474674384,0.722941579709041,0.4794973516713867,0.6739606126914661,0.57,0.6691772428884026,0.653068545322371,0.1,0.9231722428748451,0.5197521685254027,0.15989853755989897,0.011904761904761904,0.979381443298969,0.5211503845524463,0.10672664084993634,0.722941579709041,0.8639151165245587,0.9782923299565847,0.07894736842105263,0,"{'clf__max_depth': 12, 'clf__min_samples_leaf': 5}",int,rf,46
0.6071801562897281,0.34926525140455866,0.34572916744769605,0.32582999475950747,0.45188606539487797,1.198995786371076,0.5632183908045977,0.7300275482093664,0.7218158597468942,0.46188766707655604,0.6961206896551724,0.5506692160611855,0.6859959121777542,0.6482627178362502,0.06878306878306878,0.943609022556391,0.5316399464269139,0.2121560694624059,0.0547945205479452,0.973741794310722,0.4892689068073499,0.07475455124302251,0.7218158597468942,0.8752830369290648,0.9545454545454546,0.13409961685823754,1,"{'clf__max_depth': None, 'clf__min_samples_leaf': 5}",int,rf,46
0.6225418693748914,0.35494016791568206,0.3533718692297329,0.3386501936979349,0.4659216068715904,1.2053138685851759,0.575091575091575,0.7,0.7050549450549451,0.4661343401024035,0.6873614190687362,0.6015325670498084,0.6907595721725241,0.6541212381259675,0.09770114942528736,0.9386733416770964,0.5336699610144866,0.19540893076608812,0.05333333333333334,0.9799554565701559,0.5606829992576094,0.10409616266826927,0.705054945054945,0.8533337493937431,0.9614285714285714,0.14285714285714285,2,"{'clf__max_depth': 12, 'clf__min_samples_leaf': 5}",int,rf,46
0.6073155536828276,0.3505518624991398,0.3298648410671832,0.28677818515123743,0.43940829559089156,1.1759640796586694,0.4584837545126354,0.838006230529595,0.7199495034695278,0.5228589022861356,0.8609756097560975,0.3555992141453831,0.6629737888734486,0.5899855882229532,0.0,0.9907038512616202,0.5212403398454375,0.19414444123119454,0.0,1.0,0.5250985825428968,0.09521851825627571,0.7198988944746223,0.8406129354782313,0.9735202492211839,0.1444043321299639,3,"{'clf__max_depth': None, 'clf__min_samples_leaf': 1}",int,rf,46
0.5938112598289389,0.3346384946646245,0.31637859298998605,0.2954799038753055,0.41388390903325956,1.2428369515067546,0.5551020408163265,0.6452074391988555,0.6767685615018539,0.46320437347862764,0.5919282511210763,0.606425702811245,0.650985106344661,0.5959154573967519,0.09467455621301775,0.9148387096774193,0.5007444168734492,0.1741917930431916,0.023809523809523808,0.9813953488372092,0.5467469545957917,0.10524235473992677,0.6767685615018539,0.8477456001854546,0.9799713876967096,0.11428571428571428,4,"{'clf__max_depth': 12, 'clf__min_samples_leaf': 5}",int,rf,46
0.5934162087666986,0.3377264440434501,0.34453805465523774,0.33532819934657676,0.47239894005756616,1.2860457060849322,0.5112781954887218,0.7916063675832128,0.7172616780736211,0.4674687983067766,0.7111597374179431,0.54,0.6581750547045951,0.6225399990887116,0.12,0.8872366790582404,0.520033044196613,0.158854260008629,0.03571428571428571,0.9885452462772051,0.47819505809196533,0.10204271876968339,0.7172616780736212,0.8571166735163591,0.8798842257597684,0.37593984962406013,0,"{'clf__min_child_samples': 20, 'clf__num_leaves': 31}",int,lgbm,46
0.6116255288196403,0.351395685884303,0.3403888011011889,0.3349320102903345,0.45674933016883335,1.2450373627938667,0.5478927203065134,0.768595041322314,0.7248345524207593,0.4891113604584272,0.5926724137931034,0.6787762906309751,0.6831443264983187,0.6376867380118332,0.17989417989417988,0.8283208020050126,0.5236106138361777,0.20263556790372822,0.0410958904109589,0.9354485776805251,0.5149126225233056,0.07614907716322339,0.7248345524207593,0.8692451947431495,0.8966942148760331,0.31417624521072796,1,"{'clf__min_child_samples': 50, 'clf__num_leaves': 15}",int,lgbm,46
0.6201633687461289,0.3525025478975156,0.33130205090676074,0.32528171235163783,0.4479440652031624,1.227325544246967,0.5238095238095238,0.76,0.7159549973835688,0.4797815754106001,0.6119733924611973,0.6264367816091954,0.6737433205053054,0.6335621596498534,0.14942528735632185,0.8523153942428036,0.5153352610303109,0.18627305208427355,0.04,0.9510022271714922,0.5756198960653304,0.11039340444533544,0.7159549973835688,0.8585262290001748,0.8885714285714286,0.31868131868131866,2,"{'clf__min_child_samples': 20, 'clf__num_leaves': 15}",int,lgbm,46
0.5893144094923318,0.3302064408469185,0.31957192156846104,0.3063454192088266,0.437739452781679,1.3127122526595358,0.5090252707581228,0.7507788161993769,0.7032963325348358,0.49707964099538865,0.6487804878048781,0.5658153241650294,0.6489841391537687,0.5564563529329203,0.12048192771084337,0.8791500664010624,0.5082721323541176,0.19178395521455682,0.0,0.9765533411488863,0.49670503392660487,0.07550581424480837,0.7032963325348358,0.8333742759461651,0.8660436137071651,0.38267148014440433,3,"{'clf__min_child_samples': 50, 'clf__num_leaves': 31}",int,lgbm,46
0.5870815246029896,0.33432141684094374,0.33319078341130276,0.3176865771854325,0.44033392738481264,1.328860614454885,0.5224489795918368,0.759656652360515,0.6828063414206885,0.4692633117904481,0.6681614349775785,0.5261044176706827,0.6362085111747438,0.5694901932247713,0.11834319526627218,0.895483870967742,0.5158007253292614,0.2002074148982717,0.023809523809523808,0.9872093023255814,0.5135105204872646,0.09832474745028369,0.6828063414206884,0.8404798854900426,0.8469241773962805,0.39591836734693875,4,"{'clf__min_child_samples': 20, 'clf__num_leaves': 31}",int,lgbm,46
0.6084289323379346,0.34649538074120123,0.3522508678698935,0.32675758862866877,0.4185017910176131,1.3207679305492996,0.5488721804511278,0.7250361794500724,0.6665233996713926,0.42692489111885573,0.4201312910284464,0.824,0.6885514223194749,0.6683592181497274,0.10666666666666667,0.8822800495662949,0.4975712515489467,0.15305229589179903,0.3333333333333333,0.7686139747995419,0.5810696558119239,0.13764511780442265,0.6665233996713927,0.8344145071108073,0.9811866859623734,0.05639097744360902,0,{'clf__C': 1.0},glcm,logreg,42
0.5703732458849684,0.31605373387898295,0.3043706559147041,0.2761971491219168,0.3459074687003366,1.3577453465399265,0.5747126436781609,0.6928374655647382,0.6714532999799457,0.44200502567862776,0.3146551724137931,0.7915869980879541,0.6100868662227203,0.5635062183168197,0.09523809523809523,0.8571428571428571,0.47538820596464704,0.1815556592477021,0.2328767123287671,0.7702407002188184,0.5245646113725607,0.07714803227278233,0.6714532999799457,0.8276420904176542,0.9793388429752066,0.06896551724137931,1,{'clf__C': 1.0},glcm,logreg,42
0.6051957311419689,0.35038870594180294,0.3581602333746993,0.3323537752424999,0.41168384070616443,1.3295283760470096,0.5641025641025641,0.7457142857142857,0.6922501308215594,0.5056956183734782,0.3991130820399113,0.7835249042145593,0.6425142934814928,0.5964377671128754,0.14942528735632185,0.8948685857321652,0.5137096658179046,0.19559388475695183,0.32,0.7616926503340757,0.5723088344469192,0.1038275535239061,0.6922501308215594,0.8263338475298984,0.9942857142857143,0.047619047619047616,2,{'clf__C': 1.0},glcm,logreg,42
0.5999091028395963,0.33834644443344386,0.359697510735828,0.32032283981674253,0.38623289207816297,1.3508583404179926,0.5884476534296029,0.6978193146417445,0.6668072472080705,0.46552538152919754,0.33902439024390246,0.7917485265225933,0.6063323590013897,0.5614670288132386,0.13253012048192772,0.8818061088977424,0.5208003328053249,0.18746685666774182,0.3787878787878788,0.7878077373974208,0.6056964723436001,0.13892651072359746,0.6668072472080706,0.7992246440226772,0.9875389408099688,0.05776173285198556,3,{'clf__C': 1.0},glcm,logreg,42
0.6171670648119983,0.3389151283483487,0.3610220187260299,0.3350376023897975,0.4040201907161611,1.3558712012683092,0.5265306122448979,0.7439198855507868,0.6755656769145427,0.4360514098932629,0.4125560538116592,0.7630522088353414,0.6164658634538153,0.5724428654929037,0.15976331360946747,0.8735483870967742,0.5314678373735446,0.18987540002117903,0.34523809523809523,0.7906976744186046,0.6451688815060908,0.15729083798604906,0.6755656769145426,0.8274693390531058,0.9928469241773963,0.04081632653061224,4,{'clf__C': 1.0},glcm,logreg,42
0.6420688695655915,0.3792926656106872,0.3407746664253632,0.29848758877015996,0.4665227119631928,1.130260482335797,0.5075187969924813,0.8277858176555717,0.7317388986213725,0.5005815024814011,0.8555798687089715,0.378,0.7121312910284463,0.6988259731018757,0.0,0.9987608426270136,0.5619496076001652,0.19853614787757348,0.0,1.0,0.5624556810123821,0.11922703898189863,0.7317388986213725,0.8681645687620774,0.9363241678726484,0.22180451127819548,0,{'clf__C': 3.0},glcm,svm_rbf,42
0.6223293457321686,0.35918524444750294,0.358955938697318,0.30878922417036647,0.46656500645802307,1.1408752870886907,0.5823754789272031,0.8140495867768595,0.7375162281118394,0.4992216481930044,0.853448275862069,0.4187380497131931,0.6952305993274873,0.6499063020839255,0.0,1.0,0.5141557597697949,0.20122659250381156,0.0,1.0,0.5424147957195528,0.08638643500927033,0.7375162281118394,0.8735020042161423,0.9338842975206612,0.2260536398467433,1,{'clf__C': 3.0},glcm,svm_rbf,42
0.6300589483698192,0.36509315480895244,0.3400055229323522,0.2944173678297487,0.45353637218253334,1.1335038978296004,0.4908424908424908,0.8228571428571428,0.7397174254317112,0.5115698818265687,0.8691796008869179,0.3831417624521073,0.7015444605856718,0.6536139207613159,0.0,0.9987484355444305,0.5136880871203947,0.1871257433229061,0.0,1.0,0.5652858203414995,0.10806307332501915,0.7397174254317112,0.8694011883210178,0.9328571428571428,0.22344322344322345,2,{'clf__C': 3.0},glcm,svm_rbf,42
0.6406394013067167,0.3852028467024218,0.3322796513163688,0.28848571505651927,0.4408792794790059,1.1384359926422862,0.4657039711191336,0.8457943925233645,0.7263740342116806,0.5537053503268622,0.8634146341463415,0.3379174852652259,0.6904379701950261,0.6256423433650311,0.0,1.0,0.5631050096801549,0.2188430969236913,0.0,1.0,0.582640591140005,0.14262059619410244,0.7263740342116806,0.8452786461295867,0.9626168224299065,0.21660649819494585,3,{'clf__C': 3.0},glcm,svm_rbf,42
0.6409156992677656,0.3584336724667567,0.33122769287087034,0.28436887508869046,0.4332753032621782,1.1617610254499466,0.5020408163265306,0.8068669527896996,0.7248839449943066,0.459748611251536,0.8228699551569507,0.35943775100401604,0.6539251175104004,0.6061260302024392,0.0,1.0,0.5606566138576065,0.2193173024237236,0.0,1.0,0.6241971207087487,0.14854274598932804,0.7248839449943066,0.8672735144728383,0.949928469241774,0.24897959183673468,4,{'clf__C': 3.0},glcm,svm_rbf,42
0.6100755773359662,0.3388100911814246,0.3118291626220913,0.28575207240468986,0.43679078749196465,1.1801867241419208,0.36466165413533835,0.8321273516642547,0.6802960730335245,0.421955267278108,0.8293216630196937,0.34,0.663253829321663,0.6584445895775133,0.05333333333333334,0.9702602230483272,0.5487856257744734,0.17506720962962924,0.0,0.9965635738831615,0.547966781214204,0.0997732982404479,0.6802906325147167,0.8406678160381198,0.9507959479015919,0.12406015037593984,0,"{'clf__max_depth': None, 'clf__min_samples_leaf': 1}",glcm,rf,42
0.589339069596748,0.3398474918075986,0.34167269621331975,0.32381647868712005,0.4543090453278485,1.2201369768870918,0.5900383141762452,0.7506887052341598,0.7121739864686574,0.4753352231434329,0.646551724137931,0.5927342256214149,0.6483937166216127,0.6063421956212773,0.1164021164021164,0.8784461152882206,0.5091233374441394,0.1979641724681276,0.0136986301369863,0.9792122538293216,0.48766523785258237,0.0797483759975566,0.7121739864686573,0.8640358374843794,0.977961432506887,0.09195402298850575,1,"{'clf__max_depth': None, 'clf__min_samples_leaf': 5}",glcm,rf,42
0.6105429743962265,0.35940318948553407,0.3290015101243024,0.31898930805198794,0.44165087398064445,1.2050991572026633,0.5201465201465202,0.7585714285714286,0.7015750915750916,0.5108143737484077,0.656319290465632,0.553639846743295,0.675404167834782,0.6371900297001253,0.08620689655172414,0.886107634543179,0.4888006559924043,0.17943820721883677,0.05333333333333334,0.9743875278396437,0.576391982182628,0.11017014727476646,0.7015750915750916,0.8430318839873396,0.9814285714285714,0.16483516483516483,2,"{'clf__max_depth': None, 'clf__min_samples_leaf': 5}",glcm,rf,42
0.6079221978280775,0.3494029015414748,0.3309468858327319,0.3155096366826908,0.44564662779537445,1.2191097716377246,0.5054151624548736,0.7523364485981309,0.6809608961166032,0.49301985759645395,0.7097560975609756,0.5284872298624754,0.6453519574488475,0.5862453060512725,0.0783132530120482,0.9216467463479415,0.5195203123249972,0.19606995903340038,0.030303030303030304,0.9824150058616647,0.5858556254218623,0.12227648348477252,0.6809608961166032,0.8123624817984836,0.9797507788161994,0.11913357400722022,3,"{'clf__max_depth': None, 'clf__min_samples_leaf': 5}",glcm,rf,42
0.6062429704488104,0.3402146737509314,0.3455143886567284,0.3394213085475979,0.4421518323631233,1.2368092466352612,0.5183673469387755,0.7453505007153076,0.6769145426410909,0.4358977048828338,0.6322869955156951,0.5582329317269076,0.6240162443495957,0.5800757824977056,0.1242603550295858,0.9070967741935484,0.5419812941401031,0.19830499139749783,0.10714285714285714,0.9593023255813954,0.5820598006644517,0.14658021622568812,0.6769145426410909,0.8388656687314995,0.9756795422031473,0.09795918367346938,4,"{'clf__max_depth': None, 'clf__min_samples_leaf': 5}",glcm,rf,42
0.6260182098844478,0.354047753269062,0.3417929533900397,0.33730882186142974,0.4642237596858038,1.2213461942602812,0.5075187969924813,0.7771345875542692,0.7193562778146524,0.45950774055283305,0.6039387308533917,0.666,0.691347921225383,0.675902671893733,0.22,0.8302354399008675,0.551722428748451,0.1875174200743438,0.03571428571428571,0.9404352806414662,0.5416462117493045,0.0932631805553382,0.7193562778146524,0.8636251118862457,0.9015918958031838,0.29699248120300753,0,"{'clf__min_child_samples': 20, 'clf__num_leaves': 15}",glcm,lgbm,42
0.5948552868471217,0.3420625628122711,0.3572879333463297,0.3534561527260367,0.464660752762958,1.2667778210632976,0.5632183908045977,0.7796143250688705,0.7237262911244103,0.45856209180441004,0.5668103448275862,0.7074569789674953,0.6696405024065406,0.6221540354752965,0.21693121693121692,0.7994987468671679,0.5187572104865338,0.21221956803103498,0.0821917808219178,0.937636761487965,0.4672971433710021,0.07531455593834273,0.7237262911244102,0.862682289980822,0.9077134986225895,0.2796934865900383,1,"{'clf__min_child_samples': 50, 'clf__num_leaves': 15}",glcm,lgbm,42
0.6208172398141452,0.3643551400484089,0.3488986609129586,0.33922471961179174,0.4667141789409314,1.2528862338308648,0.5604395604395604,0.7657142857142857,0.7371690214547357,0.525760288781607,0.6629711751662971,0.5977011494252874,0.6934780946555548,0.6534327781216465,0.13218390804597702,0.8773466833541927,0.4969574036511156,0.18296721856328885,0.04,0.9743875278396437,0.5556644394951744,0.09526027472709339,0.7371690214547357,0.8688437701697217,0.8557142857142858,0.4065934065934066,2,"{'clf__min_child_samples': 20, 'clf__num_leaves': 31}",glcm,lgbm,42
0.6098827238612567,0.353152585256214,0.3347234367199762,0.3296669955554554,0.4473689850421299,1.2773763930572568,0.5090252707581228,0.7616822429906542,0.7002260535105773,0.5170436565810929,0.6487804878048781,0.581532416502947,0.6704561790215151,0.6050907613775173,0.12048192771084337,0.8685258964143426,0.5192643082289317,0.19946567694141598,0.06060606060606061,0.9730363423212193,0.549584354684003,0.09101024612482993,0.7002260535105773,0.8290789979064344,0.8691588785046729,0.36462093862815886,3,"{'clf__min_child_samples': 20, 'clf__num_leaves': 31}",glcm,lgbm,42
0.6257092166919881,0.35714664690636666,0.35548775006592975,0.3520465778156468,0.43972796449203966,1.2572044653064989,0.5183673469387755,0.7525035765379113,0.6968497270152695,0.46090101159092994,0.5358744394618834,0.6586345381526104,0.640197561546635,0.6037948054997831,0.22485207100591717,0.8374193548387097,0.5616644397785837,0.21686819217572764,0.14285714285714285,0.9313953488372093,0.6041251384274641,0.147022578359026,0.6968497270152696,0.8489121412781596,0.9127324749642346,0.2816326530612245,4,"{'clf__min_child_samples': 20, 'clf__num_leaves': 15}",glcm,lgbm,42
0.6946574073202081,0.4135361894115963,0.4278201247100245,0.41302046095355344,0.5375855388065041,1.2222137067505303,0.6466165413533834,0.7930535455861071,0.7814162758560657,0.5643250431261148,0.6389496717724289,0.8,0.7803982494529541,0.7559273901777996,0.14,0.909541511771995,0.5488393225939694,0.1831183343174551,0.2857142857142857,0.8487972508591065,0.6679757813778433,0.15077399002501563,0.7814162758560657,0.8838763748970062,0.9696092619392185,0.16541353383458646,0,{'clf__C': 0.1},lbp,logreg,38
0.6698332582656121,0.39631766937230234,0.40843528109559046,0.38365210146524975,0.4876409648141354,1.2580436233952563,0.6168582375478927,0.8057851239669421,0.7823585911360205,0.5892589046348722,0.5452586206896551,0.8068833652007649,0.7560699215401858,0.6916080314857882,0.14285714285714285,0.8759398496240601,0.5226226943018923,0.19701248510113775,0.3287671232876712,0.8019693654266958,0.6182818260843499,0.10739125626741124,0.7823585911360207,0.8811273856161655,0.9710743801652892,0.20306513409961685,1,{'clf__C': 0.1},lbp,logreg,38
0.6744244432501454,0.40814363746439075,0.437636239566433,0.4154790557229582,0.520576894953352,1.2227193627898136,0.6336996336996337,0.7885714285714286,0.7903192046049189,0.5570711853419024,0.5920177383592018,0.8065134099616859,0.7839071964387357,0.7395579611799752,0.1781609195402299,0.8973717146433041,0.5202048537683599,0.1988924458088262,0.3466666666666667,0.8385300668151447,0.6032665181885671,0.13705295752685923,0.7903192046049189,0.8958566326463981,0.9557142857142857,0.23076923076923078,2,{'clf__C': 0.1},lbp,logreg,38
0.6709638903484072,0.4062949940142196,0.41035301563904486,0.39583755547781047,0.5143827551249954,1.218620711603123,0.6353790613718412,0.8193146417445483,0.8076014710347853,0.6245449399371891,0.6219512195121951,0.756385068762279,0.7545809574009296,0.6778968547276012,0.12650602409638553,0.8844621513944223,0.5287124593993504,0.19333891337026138,0.25757575757575757,0.8558030480656507,0.5929606735585634,0.12939926802182655,0.8076014710347853,0.8932969029175394,0.9844236760124611,0.08664259927797834,3,{'clf__C': 0.1},lbp,logreg,38
0.6502186783109289,0.37163101589508424,0.3657784834951838,0.35370153700418494,0.46000928120209816,1.281194622368529,0.563265306122449,0.8054363376251789,0.7479956789582785,0.49548204418985087,0.5493273542600897,0.7530120481927711,0.7217704900318764,0.678745677875115,0.11242603550295859,0.8916129032258064,0.5513189539988548,0.1921080385080459,0.23809523809523808,0.791860465116279,0.5797895902547066,0.12018830300732541,0.7479956789582787,0.8749767787908294,0.9656652360515021,0.1673469387755102,4,{'clf__C': 0.1},lbp,logreg,38
0.7072562162394537,0.4225618846967231,0.38051244083951674,0.33105266580678727,0.5086244162214139,1.0549649625525455,0.6729323308270677,0.7785817655571635,0.7994787982982056,0.6000856047330857,0.8424507658643327,0.522,0.7765864332603939,0.7300860880778887,0.006666666666666667,1.0,0.6262618752581579,0.2386324974489641,0.0,1.0,0.626697758141057,0.12144334852695385,0.7994787982982057,0.898501375882893,0.9030390738060782,0.45112781954887216,0,{'clf__C': 1.0},lbp,svm_rbf,38
0.6792864235939915,0.40896008719990995,0.3781728927203065,0.3219997353614271,0.48423476852685043,1.0712235526641951,0.6743295019157088,0.7796143250688705,0.8060701054431462,0.6170661929411674,0.8383620689655172,0.5009560229445507,0.7583239928792773,0.701537724769353,0.0,0.9987468671679198,0.5648645423081513,0.21609839498630434,0.0,1.0,0.5878870537453913,0.10113803610281505,0.8060701054431463,0.9069477831378503,0.9146005509641874,0.4444444444444444,1,{'clf__C': 1.0},lbp,svm_rbf,38
0.6964210854927654,0.4236891998617834,0.3821300650568943,0.3289936728479478,0.5012970314082961,1.0547462922610802,0.6593406593406593,0.7814285714285715,0.8043694400837258,0.5951817840799908,0.8691796008869179,0.5344827586206896,0.7842130302180764,0.7392346639665986,0.0,0.9937421777221527,0.5537165710011076,0.21654871888312244,0.0,1.0,0.6433853006681515,0.14379163251742152,0.8043694400837258,0.91056955594973,0.8957142857142857,0.4835164835164835,2,{'clf__C': 1.0},lbp,svm_rbf,38
0.6849527743066862,0.4217940485785609,0.381991282909219,0.3309243578316182,0.50079231987574,1.0598199291893595,0.6425992779783394,0.8146417445482866,0.8053802984806055,0.6384843486482333,0.8853658536585366,0.4911591355599214,0.7758517418180078,0.7130200463365419,0.0,1.0,0.5773772380358086,0.2199505238008413,0.0,1.0,0.5812018188923229,0.11572127552862693,0.8053802984806055,0.896629676898709,0.9330218068535826,0.4151624548736462,3,{'clf__C': 1.0},lbp,svm_rbf,38
0.6555776543040236,0.3850029000220443,0.36234327811842226,0.309087207318021,0.46762442357949824,1.1117546414347819,0.6040816326530613,0.7882689556509299,0.7704067034539137,0.5325750692274543,0.8452914798206278,0.45582329317269077,0.7240396563833811,0.6690429320907423,0.0,1.0,0.5757740026722658,0.2187408289502062,0.0,1.0,0.5520902547065337,0.11965276981977443,0.7704067034539138,0.896071547693192,0.899856938483548,0.40408163265306124,4,{'clf__C': 1.0},lbp,svm_rbf,38
0.6756098072834118,0.4038172362115156,0.3899579912582331,0.36532472683663614,0.5269497915728483,1.1253799117297707,0.6879699248120301,0.7583212735166426,0.7763130692142802,0.5827609038412035,0.7680525164113785,0.644,0.7644595185995624,0.7351373717519093,0.08,0.9504337050805453,0.5850970673275505,0.19281490249408806,0.023809523809523808,0.9725085910652921,0.5765695739922545,0.10455576675886152,0.7763130692142802,0.8904601277454842,0.934876989869754,0.2593984962406015,0,"{'clf__max_depth': None, 'clf__min_samples_leaf': 5}",lbp,rf,38
0.6420302955179329,0.38529921848095916,0.3706164336699882,0.3298319809122846,0.4796310555086083,1.1295927271498833,0.6590038314176245,0.7493112947658402,0.7822055455284295,0.5548782316577073,0.7780172413793104,0.5449330783938815,0.7332819608360256,0.6761033193753516,0.031746031746031744,0.9699248120300752,0.5217143387569453,0.20511118581206222,0.0136986301369863,0.9967177242888403,0.5309193369503312,0.10510413707871524,0.7822055455284296,0.9025398440091454,0.9352617079889807,0.31417624521072796,1,"{'clf__max_depth': 12, 'clf__min_samples_leaf': 1}",lbp,rf,38
0.6652131334349116,0.40101123595923954,0.38543119902245215,0.3654279331031079,0.5075027426881351,1.1335903259356144,0.6776556776556777,0.7328571428571429,0.7761695447409733,0.5712270598833238,0.720620842572062,0.6628352490421456,0.7642276422764228,0.7189641573569637,0.10344827586206896,0.918648310387985,0.5332096154676104,0.20140082385565788,0.04,0.9844097995545658,0.5872457312546397,0.11245290274101255,0.7761695447409734,0.8926680738730379,0.9357142857142857,0.34065934065934067,2,"{'clf__max_depth': None, 'clf__min_samples_leaf': 5}",lbp,rf,38
0.6576589306604521,0.3962180699626145,0.37347927977087214,0.3445754047952252,0.49740034343603834,1.1224440532727924,0.6245487364620939,0.7772585669781932,0.7623570295893923,0.6082766202209499,0.8,0.5579567779960707,0.7527121567875796,0.6771783701133083,0.05421686746987952,0.9575033200531209,0.5647210355365686,0.21017712611540995,0.015151515151515152,0.9906213364595545,0.5508455007282674,0.08924016340078977,0.7623570295893923,0.8571293565903071,0.956386292834891,0.2743682310469314,3,"{'clf__max_depth': 12, 'clf__min_samples_leaf': 1}",lbp,rf,38
0.6353876659016502,0.36043979503253404,0.36526718960994325,0.34739642959608025,0.48018653488792273,1.188381682159538,0.6040816326530613,0.7725321888412017,0.7543429388922951,0.5298205047217928,0.726457399103139,0.6024096385542169,0.7044771012300322,0.6167169084191357,0.07100591715976332,0.9006451612903226,0.5416453521664439,0.1912741891669595,0.05952380952380952,0.9755813953488373,0.5410852713178296,0.10394757782224806,0.7543429388922951,0.8818523851145958,0.9542203147353362,0.24081632653061225,4,"{'clf__max_depth': 12, 'clf__min_samples_leaf': 5}",lbp,rf,38
0.660662750904315,0.3904194187623297,0.37414171369342397,0.3646425380581469,0.504477205167571,1.1580813974765711,0.6353383458646616,0.7785817655571635,0.7851974364275377,0.5678507821463278,0.6455142231947484,0.696,0.7516280087527352,0.7116579818350377,0.18,0.8574969021065675,0.5438744320528708,0.18322482450855782,0.03571428571428571,0.9507445589919816,0.5619511263841162,0.09894408655939539,0.7851974364275378,0.894706487854687,0.8784370477568741,0.43609022556390975,0,"{'clf__min_child_samples': 20, 'clf__num_leaves': 15}",lbp,lgbm,38
0.6510797132929163,0.3937968880990923,0.39611989300522604,0.3891442568271837,0.5084874686327723,1.1750374832392738,0.632183908045977,0.78099173553719,0.7784796765987989,0.5676678598299592,0.6681034482758621,0.6902485659655831,0.7353505966901825,0.6927554858905709,0.1746031746031746,0.8646616541353384,0.5518956120459879,0.21894604329615092,0.1095890410958904,0.9540481400437637,0.5385929678366955,0.09581816337968818,0.7784796765987988,0.8978949960806084,0.8911845730027548,0.42528735632183906,1,"{'clf__min_child_samples': 20, 'clf__num_leaves': 15}",lbp,lgbm,38
0.6645272949857645,0.3921122547401206,0.3667722927479025,0.3603051237620777,0.4969047537884775,1.1703406601696673,0.6373626373626373,0.7814285714285715,0.7823495552066981,0.5759685031145878,0.623059866962306,0.7432950191570882,0.7501550407353604,0.7044146379387515,0.16666666666666666,0.8197747183979975,0.5420856530433156,0.1919875177673923,0.04,0.9387527839643652,0.5835189309576836,0.09607836013975096,0.782349555206698,0.8969404141781963,0.8928571428571429,0.4065934065934066,2,"{'clf__min_child_samples': 50, 'clf__num_leaves': 15}",lbp,lgbm,38
0.6509703687972359,0.39004725059843326,0.3818675142427756,0.3791628451004577,0.5078698800603648,1.16873840508122,0.5812274368231047,0.8084112149532711,0.7695997390825151,0.6026595974327608,0.6926829268292682,0.6758349705304518,0.7508193971920074,0.6734641030302155,0.16265060240963855,0.8592297476759628,0.5411606585705371,0.2029831422703935,0.09090909090909091,0.9449003516998827,0.5423016803438843,0.08108215966036353,0.7695997390825151,0.8705674625450055,0.9096573208722741,0.37545126353790614,3,"{'clf__min_child_samples': 20, 'clf__num_leaves': 15}",lbp,lgbm,38
0.6380531672507855,0.367413257012614,0.3628719659912682,0.3571129028752207,0.47840803707062923,1.2246780799509511,0.5673469387755102,0.8097281831187411,0.7537298181075005,0.5376184464180814,0.6412556053811659,0.6445783132530121,0.7011363841014282,0.6295236725351278,0.1952662721893491,0.8412903225806452,0.5485092574918878,0.20235025097085949,0.047619047619047616,0.9430232558139535,0.5488372093023255,0.10016065812638733,0.7537298181075005,0.8815989530378348,0.899856938483548,0.3877551020408163,4,"{'clf__min_child_samples': 50, 'clf__num_leaves': 15}",lbp,lgbm,38
0.6633346947350198,0.38675037772151394,0.394144908222416,0.38530673929931103,0.500789177270923,1.2639321973299156,0.5902255639097744,0.8335745296671491,0.7968727897892344,0.5698865209819558,0.5711159737417943,0.758,0.7250153172866521,0.686932485574611,0.15333333333333332,0.8872366790582404,0.5058983890954152,0.17041121720765806,0.2619047619047619,0.8087056128293242,0.6255522827687776,0.11977128712183108,0.7968727897892343,0.8971387708513607,0.9479015918958031,0.2556390977443609,0,{'clf__C': 0.1},gabor,logreg,32
0.6573773354532502,0.4038507026961224,0.4165104217433575,0.39002937106385377,0.4871683662586083,1.2526137782026978,0.6168582375478927,0.8168044077134986,0.7886440159167433,0.5993708094248925,0.5237068965517241,0.8030592734225621,0.7458215204061449,0.710647203919092,0.1693121693121693,0.8771929824561403,0.5198512153399372,0.2066908264869381,0.3561643835616438,0.7910284463894968,0.5751925901501753,0.09869397095356702,0.7886440159167432,0.896236735739091,0.9490358126721763,0.34099616858237547,1,{'clf__C': 1.0},gabor,logreg,32
0.6652695424509976,0.4013310338333602,0.38230606651548615,0.36679018943404096,0.4765430558124148,1.2478913819009863,0.6336996336996337,0.8028571428571428,0.8023076923076923,0.6014914365624742,0.49667405764966743,0.8352490421455939,0.7584465343086032,0.7101770426682008,0.13218390804597702,0.8660826032540676,0.5005466603369153,0.1780653749731161,0.26666666666666666,0.7750556792873051,0.5997772828507795,0.11559028112964982,0.8023076923076924,0.9060430640434947,0.9471428571428572,0.31868131868131866,2,{'clf__C': 0.1},gabor,logreg,32
0.6891419105633598,0.4099608421763864,0.40660835084315744,0.38525066463641633,0.4944786912652328,1.2089184615487762,0.6389891696750902,0.8286604361370716,0.8163118413801635,0.6287814798316309,0.5487804878048781,0.768172888015717,0.7539388566773684,0.673922337156528,0.12048192771084337,0.8857901726427623,0.5515608249731996,0.2080582105968281,0.3181818181818182,0.8100820633059789,0.6347561192227077,0.12908134112055852,0.8163118413801634,0.9052676846345593,0.9517133956386293,0.296028880866426,3,{'clf__C': 1.0},gabor,logreg,32
0.6543423495618681,0.3919816485702481,0.3937404410911285,0.3794598694704686,0.4765972716706555,1.266563187951082,0.6040816326530613,0.8097281831187411,0.7713701789728767,0.570258946212715,0.531390134529148,0.7730923694779116,0.7223197723629946,0.6875959610826192,0.16568047337278108,0.8761290322580645,0.5320404657377362,0.1906645188228783,0.27380952380952384,0.8069767441860465,0.5916389811738649,0.11940716816277974,0.7713701789728766,0.8884617465949418,0.949928469241774,0.2816326530612245,4,{'clf__C': 1.0},gabor,logreg,32
0.6968611256518303,0.4207339960842337,0.38165092709892895,0.3333744508817724,0.5131556030732326,1.046600409272299,0.6578947368421053,0.8205499276410999,0.82441269599469,0.6363121482131027,0.8687089715536105,0.484,0.7798862144420131,0.7436502900765398,0.0,0.9962825278810409,0.5581660470879802,0.1790025765804918,0.0,1.0,0.6249795450826378,0.12397096946680057,0.8244126959946901,0.9118622385598074,0.9305354558610709,0.4473684210526316,0,{'clf__C': 1.0},gabor,svm_rbf,32
0.6870340004535485,0.42111929303381374,0.3802083333333333,0.32536931753316434,0.4873803725435941,1.0610365995861069,0.6781609195402298,0.7975206611570248,0.8122288717900004,0.6311356471429991,0.8426724137931034,0.4875717017208413,0.7558267950154941,0.7287652854074391,0.0,0.9949874686716792,0.5652756229197331,0.2250587164594947,0.0,1.0,0.6148047120889661,0.09951752312532211,0.8122288717900004,0.912432828623289,0.9049586776859504,0.49808429118773945,1,{'clf__C': 1.0},gabor,svm_rbf,32
0.6840503614323296,0.4233762588855334,0.38908571803861963,0.3369827237313693,0.510197869580427,1.0437572322207933,0.6703296703296703,0.7928571428571428,0.826473050758765,0.6473045016735801,0.8802660753880266,0.5344827586206896,0.7851475223216181,0.7432615862689453,0.005747126436781609,0.9949937421777222,0.5309654309265892,0.19277499152389893,0.0,1.0,0.5936154417223459,0.11016395607570903,0.826473050758765,0.919935649573081,0.9,0.47619047619047616,2,{'clf__C': 1.0},gabor,svm_rbf,32
0.7094970834279613,0.4464673839722015,0.3907722109712072,0.3399477793447381,0.5127375924777721,1.0230688064576867,0.6606498194945848,0.838006230529595,0.8423304879831753,0.7009844984183516,0.9024390243902439,0.48722986247544203,0.8010086731515644,0.7452505763493759,0.0,0.99867197875166,0.5932334917358677,0.23837176666968135,0.0,1.0,0.6014156808412376,0.10126269445139709,0.8423304879831753,0.9208844144525371,0.9299065420560748,0.4657039711191336,3,{'clf__C': 1.0},gabor,svm_rbf,32
0.6747636371147032,0.41487531924584287,0.37270423731888275,0.31862021717389305,0.4774884943105451,1.0871820407261377,0.6530612244897959,0.7753934191702432,0.7980964059443519,0.6266783663289432,0.8318385650224215,0.4919678714859438,0.7441019684117637,0.7120151425972167,0.005917159763313609,0.9974193548387097,0.5415460965833174,0.19746275958683504,0.0,1.0,0.6153100775193798,0.12334500847037641,0.798096405944352,0.9108916527696549,0.9198855507868383,0.4448979591836735,4,{'clf__C': 1.0},gabor,svm_rbf,32
0.6824104042037018,0.4126450287976146,0.364634918806864,0.3221536059057354,0.498934299821335,1.0812176097598776,0.5526315789473685,0.8683068017366136,0.8116519591308227,0.6056738944473028,0.9059080962800875,0.394,0.7672341356673961,0.7427945138002494,0.0,0.9975216852540273,0.5706608839322594,0.19219215391678107,0.0,1.0,0.5800946380843289,0.1099195530261253,0.8117634897663841,0.9043698163052886,0.9536903039073806,0.2857142857142857,0,"{'clf__max_depth': None, 'clf__min_samples_leaf': 1}",gabor,rf,32
0.6499682299108992,0.40345061486554334,0.37036271628265016,0.341525852928306,0.48459774640454184,1.1598375580177807,0.6436781609195402,0.7713498622589532,0.7774822414320847,0.5944022231307463,0.75,0.5430210325047801,0.7226173600580206,0.6909672376870221,0.07407407407407407,0.9523809523809523,0.5531620055429579,0.23736635414406623,0.0136986301369863,0.9857768052516411,0.5466113126105333,0.09106664450033883,0.7774822414320848,0.893765367197445,0.9614325068870524,0.2720306513409962,1,"{'clf__max_depth': 12, 'clf__min_samples_leaf': 5}",gabor,rf,32
0.675666763688378,0.4083050604302579,0.3677107515417019,0.3215785946922381,0.48855154631757,1.0852142152234245,0.5604395604395604,0.8428571428571429,0.8033437990580847,0.5887672810366888,0.9046563192904656,0.42528735632183906,0.7802541818521633,0.7501181212100148,0.005747126436781609,0.9987484355444305,0.5300267575849121,0.19563269306007847,0.0,1.0,0.5890423162583518,0.09870214641424956,0.803343799058085,0.9048549007857879,0.9428571428571428,0.31135531135531136,2,"{'clf__max_depth': None, 'clf__min_samples_leaf': 1}",gabor,rf,32
0.6765065004945937,0.42269500644003105,0.3601347186757066,0.31444811741998674,0.4778750106539723,1.0886445196877548,0.5234657039711191,0.8722741433021807,0.8115405378049192,0.6380813988821977,0.9170731707317074,0.3791748526522593,0.7651013464948009,0.7025816139211818,0.0,1.0,0.5627210035360564,0.2253098186644165,0.0,1.0,0.5666631141425982,0.12480719429232824,0.8115433494157472,0.9014324809667543,0.9688473520249221,0.24187725631768953,3,"{'clf__max_depth': None, 'clf__min_samples_leaf': 1}",gabor,rf,32
0.666532962454731,0.4001055745284954,0.3549853573716482,0.3079249783174328,0.4648179674981992,1.1154886314175494,0.5387755102040817,0.8526466380543634,0.7915973256255292,0.5865945250674388,0.8811659192825112,0.36947791164658633,0.7321595800241323,0.6838531199525527,0.0,0.9974193548387097,0.5370108799389197,0.19065132392594145,0.0,1.0,0.6053640642303432,0.1393233291680485,0.7916294414761613,0.8972185312798169,0.9542203147353362,0.2857142857142857,4,"{'clf__max_depth': None, 'clf__min_samples_leaf': 1}",gabor,rf,32
0.6802357879184174,0.4155271605241247,0.3887385860713052,0.37295341227022044,0.5286651381276245,1.1439750211402882,0.6541353383458647,0.8263386396526773,0.8309739616769856,0.6491574138310634,0.7636761487964989,0.598,0.7656455142231946,0.7328544819794026,0.11333333333333333,0.8971499380421314,0.5423130937629079,0.17331654557682435,0.023809523809523808,0.9873997709049256,0.582010582010582,0.10678020070920824,0.8309739616769856,0.9161055200303876,0.8871201157742402,0.5263157894736842,0,"{'clf__min_child_samples': 20, 'clf__num_leaves': 31}",gabor,lgbm,32
0.6730171089928322,0.4139037677185671,0.3903957288316051,0.38289054869656014,0.5055437576275152,1.1417308586305097,0.6590038314176245,0.8195592286501377,0.7994258150997963,0.6230961304574144,0.6594827586206896,0.6405353728489483,0.7357338300257137,0.7123814976458238,0.1746031746031746,0.8558897243107769,0.5704605428916206,0.218331052789759,0.0684931506849315,0.9595185995623632,0.586448247954198,0.1018063899812708,0.7994258150997964,0.9049320783333797,0.8884297520661157,0.4904214559386973,1,"{'clf__min_child_samples': 20, 'clf__num_leaves': 15}",gabor,lgbm,32
0.6724023644824503,0.40479318280328036,0.4052127421219095,0.4007213178379835,0.5306766522239127,1.137491805840584,0.6593406593406593,0.8,0.813338566195709,0.5915480847491528,0.6651884700665188,0.7547892720306514,0.7757686197551632,0.7247901090986462,0.1896551724137931,0.8347934918648311,0.52019046797002,0.196557593025222,0.10666666666666667,0.9420935412026726,0.5803118040089087,0.10627694434010056,0.8133385661957091,0.9171261063416856,0.88,0.5054945054945055,2,"{'clf__min_child_samples': 50, 'clf__num_leaves': 15}",gabor,lgbm,32
0.6885834551208674,0.4258796447980174,0.3968087395167292,0.386003509369588,0.5323796265858739,1.1120353493711452,0.6245487364620939,0.8364485981308412,0.8170203673088385,0.6405876824470357,0.7878048780487805,0.6011787819253438,0.774941300493555,0.7156712291276294,0.14457831325301204,0.9057104913678619,0.5660010560168963,0.23389899931497465,0.030303030303030304,0.9788980070339977,0.5963710966641799,0.11336066830242969,0.8170203673088386,0.9103614699478824,0.8909657320872274,0.5054151624548736,3,"{'clf__min_child_samples': 20, 'clf__num_leaves': 31}",gabor,lgbm,32
0.6661155050354886,0.3960970723918217,0.39926057840548057,0.3872251533087979,0.5211059195900151,1.2117279241720897,0.6448979591836734,0.8140200286123033,0.8014072581822428,0.5778640704257622,0.7152466367713004,0.6666666666666666,0.7403200244925892,0.6912589685677635,0.20118343195266272,0.8541935483870968,0.529116243557931,0.19279036859844198,0.03571428571428571,0.9755813953488373,0.5936184939091916,0.12247488197531892,0.8014072581822428,0.9126145352304722,0.8640915593705293,0.5387755102040817,4,"{'clf__min_child_samples': 50, 'clf__num_leaves': 31}",gabor,lgbm,32
0.6752408368254093,0.40324733986822997,0.39993371009580847,0.38462128841042,0.4805591644054035,1.245502529714099,0.5526315789473685,0.8133140376266281,0.7639902941144466,0.5614259113036053,0.4923413566739606,0.826,0.7526301969365427,0.7290486807994341,0.23333333333333334,0.8104089219330854,0.5607269723254853,0.1814776255926663,0.32142857142857145,0.8235967926689576,0.6236158839251623,0.14103714177721435,0.7639902941144469,0.8857988424533207,0.934876989869754,0.33458646616541354,0,{'clf__C': 0.01},hog,logreg,1764
0.6653766601382036,0.3928896975227806,0.3974687307085748,0.38369697767613703,0.4827179262013247,1.2465473645061005,0.6206896551724138,0.8126721763085399,0.7872243859704674,0.5839836423614435,0.521551724137931,0.7858508604206501,0.7315965583173997,0.6730431548843012,0.20105820105820105,0.8258145363408521,0.5349551126493483,0.20953383996006064,0.2465753424657534,0.8468271334792122,0.607730583615599,0.104998152885317,0.7872243859704675,0.9014280287885781,0.9242424242424242,0.36398467432950193,1,{'clf__C': 0.01},hog,logreg,1764
0.6747577217347275,0.41157620059451905,0.40681337865946776,0.3948552932783904,0.4965912191340489,1.219229761214615,0.6153846153846154,0.8228571428571428,0.8169230769230769,0.6275966600842616,0.5210643015521065,0.8122605363984674,0.7635904885694625,0.7203310397429913,0.22413793103448276,0.818523153942428,0.5135730007336757,0.19263941952036479,0.26666666666666666,0.8396436525612472,0.6049443207126949,0.10573768303045843,0.816923076923077,0.9150208420269565,0.9285714285714286,0.3956043956043956,2,{'clf__C': 0.01},hog,logreg,1764
0.7063254630468861,0.4312605010182015,0.42747192633590386,0.410633286793206,0.5123193173260365,1.1826756948597403,0.6498194945848376,0.8068535825545171,0.8095133663978767,0.6622611493899633,0.5341463414634147,0.8074656188605108,0.7747088983659973,0.7148737445411131,0.22289156626506024,0.8671978751660027,0.5776812428998863,0.21918161028504043,0.30303030303030304,0.8347010550996483,0.6633983445237842,0.12872549985668932,0.8095133663978766,0.8927987860974734,0.9392523364485982,0.3574007220216607,3,{'clf__C': 0.01},hog,logreg,1764
0.6655279908300981,0.3984183823271404,0.40526439899068395,0.39075654015788075,0.47269908478695716,1.256710888181286,0.5714285714285714,0.8240343347639485,0.7862077019649061,0.5660260061855885,0.4798206278026906,0.7951807228915663,0.7203837772615123,0.6770984976438947,0.27218934911242604,0.8361290322580646,0.579385378889101,0.22348784698703766,0.2976190476190476,0.8058139534883721,0.5761351052048727,0.12706117849204066,0.7862077019649061,0.9022951869015118,0.9298998569384835,0.35918367346938773,4,{'clf__C': 0.01},hog,logreg,1764
0.7009032986164736,0.4332255322715599,0.39040259291554924,0.35291215978987445,0.5272569259992487,1.0490738961002128,0.6616541353383458,0.8219971056439942,0.8151910166153445,0.6374663575365764,0.8599562363238512,0.512,0.7738730853391685,0.7513573588439739,0.04,0.9814126394052045,0.5705328376703841,0.18966059360306023,0.0,1.0,0.6440162548409971,0.15441781910262914,0.8151910166153445,0.9110517808982288,0.9117221418234442,0.48120300751879697,0,{'clf__C': 1.0},hog,svm_rbf,1764
0.7011037024019989,0.4238089312324333,0.3886009624156176,0.3371025645442357,0.5019246850139062,1.0506662857669127,0.6666666666666666,0.8181818181818182,0.8146406594682456,0.6360536348173493,0.8771551724137931,0.48565965583174,0.7548790136480517,0.679748507250977,0.010582010582010581,0.9962406015037594,0.5877922319025076,0.24087741781484964,0.0,1.0,0.647102904589191,0.13855616504655727,0.8146406594682456,0.90961614019251,0.9049586776859504,0.524904214559387,1,{'clf__C': 1.0},hog,svm_rbf,1764
0.7127330651247483,0.44747417149988167,0.4049483247338588,0.35548091843083324,0.5288006212068491,1.0184496590771748,0.7289377289377289,0.8157142857142857,0.8457352171637887,0.6658577907356189,0.8736141906873615,0.5440613026819924,0.7974785703969893,0.7662145343217568,0.017241379310344827,0.9874843554443054,0.5617941967689497,0.2211636370805088,0.0,1.0,0.6459242761692651,0.13666072386164219,0.8457352171637886,0.9332528130230069,0.9042857142857142,0.5311355311355311,2,{'clf__C': 1.0},hog,svm_rbf,1764
0.7172909172647325,0.4418754448585623,0.39430341777429345,0.3435186535255892,0.5157097842026828,1.020586710299767,0.6931407942238267,0.8115264797507789,0.8354532878977023,0.6933075012221792,0.8780487804878049,0.5245579567779961,0.7924864631750443,0.7334870443200947,0.006024096385542169,0.9960159362549801,0.5741131858109729,0.21023547852739327,0.0,1.0,0.6671107321752104,0.13047175536458194,0.8354532878977023,0.9169225186383295,0.8940809968847352,0.4981949458483754,3,{'clf__C': 0.3},hog,svm_rbf,1764
0.6765741563705686,0.422389839424412,0.3744293219715779,0.32298865808413024,0.48301110212076964,1.076892880790355,0.6285714285714286,0.8140200286123033,0.8081165513415667,0.5968602882790567,0.8632286995515696,0.4538152610441767,0.7574783438687486,0.7234614277521625,0.005917159763313609,0.9974193548387097,0.5695361710250048,0.21430263032272207,0.0,1.0,0.5711655592469547,0.15493501134370696,0.8081165513415667,0.9148782299325563,0.9041487839771102,0.49387755102040815,4,{'clf__C': 1.0},hog,svm_rbf,1764
0.6654215088158588,0.39953301259362495,0.3470418661533483,0.30692168688857435,0.477182221675568,1.1397155284495508,0.48872180451127817,0.8567293777134588,0.7784185499929271,0.5899307160875916,0.8927789934354485,0.362,0.7362800875273523,0.7013192226579561,0.006666666666666667,1.0,0.517207765386204,0.17152892506388245,0.0,1.0,0.6297796323569519,0.13535318656506978,0.7784185499929273,0.8864188791608966,0.9638205499276411,0.2706766917293233,0,"{'clf__max_depth': 12, 'clf__min_samples_leaf': 1}",hog,rf,1764
0.65316523567324,0.38317956816842763,0.3485392720306513,0.30345345448783745,0.4629359331670356,1.1176734378000366,0.4674329501915709,0.8856749311294766,0.7818361250963133,0.5839797635494486,0.9267241379310345,0.32695984703632885,0.7110750313179931,0.6347255495140184,0.0,1.0,0.5394239567171899,0.21146577483189435,0.0,1.0,0.580325829561464,0.10254718477834911,0.7816751633366052,0.8842023466452653,0.9628099173553719,0.23754789272030652,1,"{'clf__max_depth': None, 'clf__min_samples_leaf': 1}",hog,rf,1764
0.6835139733449989,0.4157122763852397,0.3749880271116604,0.3294033739245128,0.4963086243945544,1.1533435044506097,0.6117216117216118,0.8442857142857143,0.8114442700156986,0.6383598245854089,0.8824833702882483,0.4425287356321839,0.7639982669419171,0.7189163537562803,0.005747126436781609,0.9912390488110138,0.5101204091321049,0.18360913392405098,0.0,1.0,0.6484929472902748,0.12196379327521861,0.8114442700156986,0.9120544312966292,0.9657142857142857,0.25274725274725274,2,"{'clf__max_depth': 12, 'clf__min_samples_leaf': 5}",hog,rf,1764
0.6905928384104912,0.4161286075252969,0.3551091837633178,0.3110607904105268,0.4734646955904493,1.0958921007102107,0.47653429602888087,0.9080996884735203,0.8008592282690599,0.6738366964809438,0.9439024390243902,0.3300589390962672,0.7551703483636014,0.67546602860415,0.0,1.0,0.5573489175826813,0.19925995574114044,0.0,1.0,0.6489928594266227,0.11595174927495326,0.8008704747123723,0.8872786998589175,0.9828660436137072,0.23826714801444043,3,"{'clf__max_depth': None, 'clf__min_samples_leaf': 1}",hog,rf,1764
0.6699292679987066,0.40505357970767497,0.36310416410574103,0.3146501153228265,0.4714735101665191,1.1662460194898476,0.5877551020408164,0.8240343347639485,0.7841230912966045,0.5912570754231178,0.8587443946188341,0.41767068273092367,0.7193167287986024,0.6882055807431775,0.005917159763313609,0.9961290322580645,0.5409505630845581,0.1953610266007787,0.0,1.0,0.6353266888150609,0.1453906360636261,0.7841230912966044,0.9013282306907022,0.9656652360515021,0.23673469387755103,4,"{'clf__max_depth': 12, 'clf__min_samples_leaf': 5}",hog,rf,1764
0.6815313820910007,0.41178692009960194,0.3723313480638138,0.34860515870749154,0.5132541730147087,1.1801794799501863,0.5864661654135338,0.8263386396526773,0.780589316997269,0.5992955578493925,0.8161925601750547,0.532,0.7515404814004375,0.7101091513984443,0.08666666666666667,0.9281288723667905,0.5525567947129285,0.18454894616791628,0.0,0.9965635738831615,0.6414389352533683,0.1531940249826546,0.7805893169972689,0.8887955164710328,0.8798842257597684,0.48872180451127817,0,"{'clf__min_child_samples': 50, 'clf__num_leaves': 31}",hog,lgbm,1764
0.6639307821956133,0.39516840115476004,0.38040308300405135,0.3494018725833432,0.4990210509239163,1.2202474432786627,0.6436781609195402,0.8126721763085399,0.7918738059803891,0.6152009999992136,0.8060344827586207,0.5162523900573613,0.7173139051888969,0.6490584672407027,0.0582010582010582,0.949874686716792,0.5565501054222859,0.21303637642452955,0.0136986301369863,0.9956236323851203,0.5899853121908815,0.10337776095459422,0.7918738059803891,0.8985570476022459,0.8581267217630854,0.5747126436781609,1,"{'clf__min_child_samples': 20, 'clf__num_leaves': 31}",hog,lgbm,1764
0.6842109142112827,0.4143357191150177,0.40030711508844397,0.37025161968084347,0.5329664278380061,1.1512092719444917,0.6813186813186813,0.8214285714285714,0.8183673469387756,0.6500564281431538,0.8337028824833703,0.5670498084291188,0.7668739540059978,0.6972738898891673,0.08620689655172414,0.9474342928660826,0.5333247018543293,0.194668926961192,0.0,0.9966592427616926,0.6182776540460282,0.11534363146655766,0.8183673469387754,0.911714193937577,0.8657142857142858,0.6007326007326007,2,"{'clf__min_child_samples': 20, 'clf__num_leaves': 31}",hog,lgbm,1764
0.6987342696875942,0.4327030381321878,0.394986184381478,0.36596124572806155,0.525445326918083,1.1216906024863453,0.6606498194945848,0.8177570093457944,0.8183193315114096,0.6879856008002163,0.8439024390243902,0.5599214145383105,0.7643801811299056,0.6983633122403228,0.060240963855421686,0.9548472775564409,0.5552248835981376,0.20488609632631052,0.015151515151515152,0.9953106682297772,0.657012682510924,0.13957714316190145,0.8183193315114096,0.900704939668952,0.8691588785046729,0.5631768953068592,3,"{'clf__min_child_samples': 50, 'clf__num_leaves': 31}",hog,lgbm,1764
0.6712672896874735,0.4008551061686627,0.3662303842119542,0.3313970558219425,0.4841294994398228,1.2276482837304807,0.6163265306122448,0.8254649499284692,0.7952818895798663,0.5812199297932522,0.8071748878923767,0.4959839357429719,0.7317521205899833,0.6869197272275933,0.04142011834319527,0.9329032258064516,0.5620080167970987,0.20169195457397818,0.0,0.9988372093023256,0.5960271317829458,0.13358881307982723,0.7952818895798661,0.9087896595278526,0.8612303290414879,0.5346938775510204,4,"{'clf__min_child_samples': 50, 'clf__num_leaves': 31}",hog,lgbm,1764
0.6949442420425441,0.41964301065370246,0.4273600576934678,0.4083749754816907,0.5091507532178741,1.207693629218552,0.5789473684210527,0.8350217076700435,0.7931841180374961,0.589717906147267,0.5295404814004376,0.84,0.780800875273523,0.7554500583815232,0.22,0.8215613382899628,0.5588847583643123,0.1861835590269993,0.38095238095238093,0.8190148911798396,0.6469072164948454,0.14722051905902042,0.793184118037496,0.9013087333351189,0.9334298118668596,0.37969924812030076,0,{'clf__C': 0.01},all,logreg,1922
0.6701144175353764,0.4081184271334229,0.4187922380677459,0.40353087159917256,0.503035255359027,1.2314484788183626,0.6245210727969349,0.8388429752066116,0.8084555059476689,0.6320885906540924,0.5301724137931034,0.8126195028680688,0.7536386562932683,0.6909582987877442,0.2328042328042328,0.8233082706766918,0.5351076102955802,0.20771768929661516,0.2876712328767123,0.8282275711159738,0.5832558976049877,0.1017091297952398,0.808455505947669,0.9151173897099453,0.9214876033057852,0.3946360153256705,1,{'clf__C': 0.01},all,logreg,1922
0.6841636699484835,0.42415838820836543,0.4184794221758057,0.40510359674218394,0.5101791820430618,1.2012740418702217,0.6446886446886447,0.83,0.8303244374672946,0.6434006648432636,0.5365853658536586,0.8199233716475096,0.7799568434555819,0.7442269433745838,0.21264367816091953,0.8260325406758448,0.5250816394055788,0.19740289855158044,0.28,0.8385300668151447,0.6012917594654789,0.11160304606403382,0.8303244374672946,0.9221935203338338,0.9314285714285714,0.42124542124542125,2,{'clf__C': 0.01},all,logreg,1922
0.7182061840198326,0.4435137251027087,0.4497859906812084,0.42242904628460876,0.5200530888207251,1.167524090524397,0.6462093862815884,0.8333333333333334,0.8243530483484597,0.6864960151260512,0.5390243902439025,0.8192534381139489,0.7847525037136422,0.7117654213482514,0.20481927710843373,0.8539176626826029,0.576945231123698,0.21893796041731178,0.4090909090909091,0.8253223915592028,0.6867739528935309,0.1568555035192203,0.8243530483484598,0.902626400831371,0.9439252336448598,0.4007220216606498,3,{'clf__C': 0.01},all,logreg,1922
0.6747576398549909,0.4113598811251151,0.4175723543855412,0.4006951950079204,0.4859340088260866,1.2406027445167669,0.6122448979591837,0.8125894134477826,0.7983007795392836,0.5946694681081611,0.5,0.8092369477911646,0.735700650134169,0.6867675850495527,0.2485207100591716,0.832258064516129,0.5899599160145066,0.22891417333123457,0.30952380952380953,0.8290697674418605,0.5750692137320045,0.1350882980115122,0.7983007795392835,0.9066318237554873,0.927038626609442,0.40816326530612246,4,{'clf__C': 0.01},all,logreg,1922
0.7150575577055857,0.44546784645168536,0.39316335148593584,0.35695491661043405,0.531310327240512,1.026872827410035,0.6616541353383458,0.8234442836468886,0.8307182572930155,0.6543554731899226,0.8643326039387309,0.518,0.7897986870897156,0.7665257886949013,0.04666666666666667,0.9801734820322181,0.5875423378769103,0.1934138280252904,0.0,1.0,0.6521709485627013,0.1675762958966272,0.8307182572930154,0.9228297905363069,0.9088277858176556,0.5,0,{'clf__C': 1.0},all,svm_rbf,1922
0.7056281392115159,0.4358785710521653,0.3962096332785988,0.34576287718013715,0.5116601726315289,1.0368164398513993,0.6896551724137931,0.8236914600550964,0.8284886482378646,0.6543266109940569,0.8793103448275862,0.5009560229445507,0.769310015164502,0.701942431125856,0.015873015873015872,0.9912280701754386,0.587367890626036,0.24801705646381633,0.0,1.0,0.6373460028176613,0.13922818562493205,0.8284886482378646,0.9234412699660863,0.9008264462809917,0.5325670498084292,1,{'clf__C': 1.0},all,svm_rbf,1922
0.7184068827271364,0.4569349538440888,0.403965987754886,0.3582069321999828,0.5299420573894877,1.005452110821132,0.717948717948718,0.8128571428571428,0.8553584510727368,0.6885760460312977,0.8691796008869179,0.5517241379310345,0.8067172991479131,0.7780252104590023,0.028735632183908046,0.981226533166458,0.5619452476515184,0.22195882789762028,0.0,1.0,0.6496065330363772,0.13917973098843495,0.8553584510727368,0.9387994028692817,0.9014285714285715,0.5457875457875457,2,{'clf__C': 1.0},all,svm_rbf,1922
0.7234383579177174,0.451409897540315,0.40090136012925526,0.3532041969330105,0.5247252470269382,1.0121030168576286,0.7148014440433214,0.8146417445482866,0.841278945533475,0.7018328320492683,0.8707317073170732,0.5363457760314342,0.7981551583688725,0.739766935926288,0.018072289156626505,0.9920318725099602,0.5750412006592105,0.2159639434066405,0.0,1.0,0.6792781271093111,0.14807587877906336,0.841278945533475,0.920823776761547,0.9080996884735203,0.516245487364621,3,{'clf__C': 0.3},all,svm_rbf,1922
0.6868808992913463,0.4307502770022787,0.3826922670785087,0.332168436303519,0.49403796087876517,1.0674479551146594,0.6489795918367347,0.8154506437768241,0.8135295319844676,0.604090035196735,0.8699551569506726,0.4779116465863454,0.7686575900012607,0.7373711265643657,0.011834319526627219,0.9935483870967742,0.5870280587898453,0.2310850897901142,0.0,0.9988372093023256,0.5783084163898118,0.15045485645789977,0.8135295319844676,0.9150219622179641,0.899856938483548,0.5183673469387755,4,{'clf__C': 1.0},all,svm_rbf,1922
0.6875374523469011,0.41875289737018073,0.3386975370592784,0.29845907233151026,0.4696396024968485,1.0988133227740267,0.424812030075188,0.8986975397973951,0.7917750236662568,0.6107614702901043,0.9299781181619255,0.302,0.7605404814004376,0.7407101653951862,0.0,1.0,0.5710615448161916,0.1912735355864815,0.0,1.0,0.6267727595047183,0.13226641820895096,0.791764142628641,0.9001482215766116,0.9652677279305355,0.2556390977443609,0,"{'clf__max_depth': None, 'clf__min_samples_leaf': 1}",all,rf,1922
0.6591825500476577,0.3943193155736974,0.37519670224411605,0.3288602420488661,0.48857953112546865,1.1645166007270897,0.6206896551724138,0.8264462809917356,0.7845856685982078,0.6058380360602675,0.8642241379310345,0.4474187380497132,0.7291982593789148,0.6522107542722672,0.015873015873015872,0.9924812030075187,0.5462399384705149,0.22094064884798542,0.0,1.0,0.5767063337429933,0.09828782311426959,0.7845856685982078,0.8900212089655608,0.9724517906336089,0.19923371647509577,1,"{'clf__max_depth': 12, 'clf__min_samples_leaf': 5}",all,rf,1922
0.6853890496910546,0.419679180536297,0.379163134314522,0.33643854959644437,0.5033061947109656,1.148170369950732,0.608058608058608,0.8471428571428572,0.8106750392464679,0.6262361030204575,0.8913525498891353,0.4501915708812261,0.774681210761951,0.7352750469195637,0.017241379310344827,0.9899874843554443,0.5122207356897271,0.18382975213554006,0.0,1.0,0.6439792130660728,0.13337582006962675,0.8106750392464678,0.9122184459669702,0.9657142857142857,0.25274725274725274,2,"{'clf__max_depth': 12, 'clf__min_samples_leaf': 5}",all,rf,1922
0.7011630978441463,0.4340519261029703,0.3790393589856476,0.3314431552907564,0.5003547703330793,1.114633557550875,0.6137184115523465,0.8551401869158879,0.8171778175152108,0.7028234686883397,0.9024390243902439,0.444007858546169,0.7683286214001629,0.695332569192878,0.0,0.9960159362549801,0.5527368437895006,0.19555210397352774,0.0,1.0,0.6664091086717112,0.14249956255713558,0.8171778175152109,0.8957663093904571,0.9875389408099688,0.24548736462093862,3,"{'clf__max_depth': None, 'clf__min_samples_leaf': 5}",all,rf,1922
0.680070936263481,0.4158212105045137,0.36911320582044477,0.3200118730867164,0.48085357176974214,1.1430208039229628,0.5795918367346938,0.8555078683834049,0.7828384572713205,0.5763107810315217,0.8968609865470852,0.39759036144578314,0.7498919444594522,0.7191521512310337,0.0,1.0,0.5769497995800725,0.216169197441411,0.0,0.9988372093023256,0.6106035437430787,0.1516527123140884,0.7828384572713205,0.893681081549262,0.9628040057224606,0.22857142857142856,4,"{'clf__max_depth': None, 'clf__min_samples_leaf': 5}",all,rf,1922
0.697761505641083,0.4269422407199466,0.38151681172296165,0.35710438330841077,0.5226668291571449,1.146471986632428,0.6165413533834586,0.8248914616497829,0.8062087200635453,0.6340370618621899,0.8161925601750547,0.548,0.7721750547045951,0.74389495305141,0.09333333333333334,0.929368029739777,0.5782734407269723,0.18791011801234717,0.0,0.997709049255441,0.6343888070692194,0.14192682995383926,0.8062087200635454,0.9033188965769747,0.8856729377713459,0.5150375939849624,0,"{'clf__min_child_samples': 50, 'clf__num_leaves': 31}",all,lgbm,1922
0.6775487803041421,0.41929958325174344,0.39387095801686023,0.3735738694642103,0.5172503396740046,1.1928446529760433,0.6436781609195402,0.8292011019283747,0.8129254931762769,0.6508113142621605,0.8038793103448276,0.5391969407265774,0.7410537680490539,0.6682971992967566,0.10052910052910052,0.9285714285714286,0.5482754505310896,0.22361246172328586,0.0273972602739726,0.9967177242888403,0.607940409460148,0.13447735772477054,0.8129254931762768,0.9136423277830052,0.8677685950413223,0.5670498084291188,1,"{'clf__min_child_samples': 20, 'clf__num_leaves': 31}",all,lgbm,1922
0.6868906720864365,0.4298453284887669,0.39469369010580113,0.3671333541498298,0.5249400725019656,1.1397532625947906,0.6703296703296703,0.8157142857142857,0.8304500261643121,0.6449459292603812,0.8203991130820399,0.5670498084291188,0.7804835571866691,0.7427484878454605,0.07471264367816093,0.9411764705882353,0.5321450663904593,0.19677209798854656,0.013333333333333334,0.9955456570155902,0.6044840386043059,0.13491479886067936,0.830450026164312,0.9235692550163493,0.8742857142857143,0.5934065934065934,2,"{'clf__min_child_samples': 50, 'clf__num_leaves': 31}",all,lgbm,1922
0.6943955924905103,0.4303832689388061,0.4065888719976321,0.37739644069172795,0.5438324351429077,1.1142515266371824,0.6859205776173285,0.838006230529595,0.8371458776162038,0.7028657811349249,0.8560975609756097,0.5756385068762279,0.7773803248837988,0.6899105490152322,0.08433734939759036,0.9428950863213812,0.5508408134530153,0.20116100689881583,0.0,0.9988276670574443,0.6122153540090235,0.12759573870625152,0.8371458776162038,0.9110960315911631,0.883177570093458,0.5812274368231047,3,"{'clf__min_child_samples': 50, 'clf__num_leaves': 31}",all,lgbm,1922
0.6886430020389271,0.4385299130182611,0.4063951006942432,0.38494705711437394,0.5275049769443968,1.1902920065810432,0.6489795918367347,0.8082975679542204,0.8064056523897112,0.6147403207244009,0.804932735426009,0.5662650602409639,0.7585769085309849,0.7153512357260763,0.15976331360946747,0.9393548387096774,0.5901431570910478,0.25810547998914557,0.011904761904761904,0.9988372093023256,0.5994462901439646,0.16592261563342173,0.8064056523897113,0.9169432682419272,0.8655221745350501,0.5673469387755102,4,"{'clf__min_child_samples': 50, 'clf__num_leaves': 31}",all,lgbm,1922
