featureset,model,auc_macro_mean,auc_macro_std,ap_macro_mean,ap_macro_std,bal_acc_mean,bal_acc_std,f1_macro_mean,f1_macro_std,f1_weighted_mean,f1_weighted_std,logloss_mean,logloss_std,sens_0_mean,sens_0_std,spec_0_mean,spec_0_std,auc_0_mean,auc_0_std,ap_0_mean,ap_0_std,sens_1_mean,sens_1_std,spec_1_mean,spec_1_std,auc_1_mean,auc_1_std,ap_1_mean,ap_1_std,sens_2_mean,sens_2_std,spec_2_mean,spec_2_std,auc_2_mean,auc_2_std,ap_2_mean,ap_2_std,sens_3_mean,sens_3_std,spec_3_mean,spec_3_std,auc_3_mean,auc_3_std,ap_3_mean,ap_3_std,bin_auc_mean,bin_auc_std,bin_ap_mean,bin_ap_std,bin_sens_mean,bin_sens_std,bin_spec_mean,bin_spec_std
-,dummy,0.5,0.0,0.25,0.0,0.25,0.0,0.15890554938721724,0.002850947331676158,0.29627982011489573,0.012934536744402762,1.2207176083254143,0.005473882435181998,0.0,0.0,1.0,0.0,0.5,0.0,0.27678272840675167,0.016373780378362738,1.0,0.0,0.0,0.0,0.5,0.0,0.46595100883188234,0.012168971660495305,0.0,0.0,1.0,0.0,0.5,0.0,0.17734281680107056,0.012653650741025297,0.0,0.0,1.0,0.0,0.5,0.0,0.07992344596029544,0.007953722743029917,0.5,0.0,0.7232172715932483,0.01637378037836276,1.0,0.0,0.0,0.0
all,lgbm,0.6890479105122198,0.0077712944007164225,0.4290000668835048,0.006924227640479913,0.39661308650749966,0.010419992337702274,0.37203102094571056,0.01054494846017443,0.5272389306840839,0.010017185015242552,1.1567226870842975,0.03401666256536149,0.6530898708173465,0.026534575554008916,0.8232221295552516,0.011578154861886335,0.8186271538820099,0.014307471560168957,0.6494800814488115,0.03285460955858841,0.8203002560007082,0.021237573578636062,0.5592300632545776,0.015060851056645019,0.7659339226710203,0.016238930601226567,0.7120404849869871,0.03306001646540285,0.10253514810953053,0.03342533537360708,0.9362731707860998,0.0067894513310740754,0.5599355856385169,0.023663056090725273,0.2135122329224282,0.028190536956321392,0.010527071102413568,0.011357980391890664,0.9975274613839282,0.00141617188891348,0.6116949798573323,0.013522254389497267,0.14096746817579248,0.014842837061730839,0.8186271538820099,0.014307471560168912,0.913713955841884,0.007457735840682419,0.8752853983453781,0.00898623377072942,0.5648136742838579,0.0299000105329264
all,logreg,0.6884372306802455,0.019168018858373406,0.4213586864446629,0.013936536386168234,0.4263980126007538,0.013659860659510959,0.40802673702311526,0.008515527661579559,0.5056704576533549,0.012607268097993793,1.20970859698966,0.028643521144631683,0.6213222740294808,0.027629781618888682,0.8299574859315542,0.010218198916656079,0.8109235778680406,0.016100146601091225,0.6292745289757671,0.03950949816870136,0.5270645302582204,0.015668141510208337,0.8202066520841385,0.011944294996977365,0.7669699057740369,0.021398981389961137,0.717833661388331,0.03096695177095716,0.22375757962655154,0.017257984204750013,0.8314155753682464,0.013218028991906754,0.5571958310407352,0.027320264197917353,0.20783125612474826,0.016920657544198695,0.33344766648876234,0.05810138532567248,0.8280329376224043,0.007070623048243447,0.6186596080381694,0.047150500291206376,0.13049529928980533,0.023351925866612912,0.8109235778680406,0.01610014660109128,0.9095755735931512,0.008877240827738912,0.9314619693711036,0.008340569756621506,0.40089319433163295,0.015455031684933831
all,rf,0.6826686172386481,0.015260204941735498,0.41652490601753184,0.014280172098200752,0.36824198768480176,0.017013643856634425,0.3230425784708587,0.014978325106969184,0.4885467340872208,0.013909860216334188,1.133830930985137,0.026582210374491714,0.5693741083186501,0.08230854988755197,0.8565869466462562,0.02633538556676798,0.7974104012594927,0.015614689929666654,0.6243939718181382,0.04742557462135735,0.8969709633838849,0.023575968697239488,0.4082417057845783,0.06319533192083156,0.7565281034801836,0.01785949109637604,0.7085361374021858,0.036089195430478754,0.00662287903667214,0.00908164577260427,0.9956969247235886,0.004474183095792082,0.5518417724692013,0.02550402383334875,0.20155304759698917,0.016165594731575608,0.0,0.0,0.9997674418604652,0.0005200158087208797,0.6248941917457149,0.03397626988878332,0.13161646725281426,0.02021267645718603,0.7974082250519696,0.015615672404889105,0.8983670534897723,0.00856459218279881,0.970755350162172,0.010041377298829151,0.23633577203181533,0.023251635886856695
all,svm_rbf,0.7098823673706602,0.014408164593479282,0.44408830917810665,0.01079175565916851,0.3953865199454369,0.008227769739645358,0.34925947184541667,0.010714096358213432,0.5183351530334465,0.015643030282262577,1.0297384700109709,0.024398520866976865,0.6866078123161825,0.030923246153022513,0.8180170549768476,0.005154065483887586,0.8338747668243119,0.015566574428724634,0.660636199492256,0.037929291731787475,0.8707018827841961,0.005421004586600451,0.5169875166986729,0.029010052561545003,0.7865277499544527,0.017097562405672534,0.7447262985540826,0.029551600841746323,0.02423638468136886,0.014009942983415541,0.9876416689961698,0.006402211791118658,0.579784947120704,0.011301535491283652,0.22208774911669632,0.02008103885825112,0.0,0.0,0.9997674418604652,0.0005200158087208797,0.6393420055831726,0.03739625362661331,0.14890298954939146,0.01161817930105423,0.8338747668243119,0.015566574428724646,0.9241832404702371,0.008820849815260259,0.9038078860968574,0.004294737173467782,0.5225934859798743,0.017364182475291135
gabor,lgbm,0.6760708443100112,0.008599476848457419,0.4112401656471622,0.011298941454926928,0.39608327498940593,0.0067130723685666785,0.38595878829663,0.009976119719228118,0.5236742188309883,0.011011780708274731,1.1493921918309233,0.0371178466390917,0.6483853049499831,0.014544581087080965,0.8192732990091919,0.013638627117920693,0.8124331936927144,0.012810006736344833,0.6164506763820856,0.030844582285501562,0.7182797784607576,0.05740110284214518,0.652234018694322,0.06405213816544358,0.7584818577980432,0.019159777678331474,0.715391257283853,0.01569081760291999,0.16467068511119515,0.035690638582275676,0.8695474387945396,0.030412893149497116,0.5456162808398751,0.022149552203020836,0.20297891186104441,0.023540580718401212,0.0529973314356876,0.034591115353766036,0.9686982628105593,0.017980796213948266,0.587752044909412,0.007048488213705353,0.11013981706166565,0.008034029557795712,0.8124331936927145,0.012810006736344843,0.9122279419767615,0.0048961828037001835,0.8821214318596227,0.010869454520925822,0.5132844847131685,0.019137237118470263
gabor,logreg,0.6658931665528991,0.013723880060002417,0.3987749209995262,0.009329527005278738,0.3986620376831091,0.013170545459610404,0.3813673667808181,0.008968857531236395,0.48711531245556683,0.010765669204362322,1.2479838013866915,0.02316835633790625,0.6167708474970904,0.020284929959250225,0.8183249398987206,0.012794935142256377,0.7951013036733421,0.016656980179050627,0.5939578386027338,0.024697202130471954,0.5343335100554424,0.027845500222116275,0.7875147146123569,0.03151756656047026,0.7411084002083527,0.01657893892500744,0.6938550060802102,0.016068564119837224,0.14819836235502082,0.021227626298120042,0.878486293933855,0.008529313625460732,0.5219795110966408,0.020608106161706354,0.19077802961748375,0.016794740839261964,0.2953454308248829,0.04069702305437793,0.7983697091996304,0.015128857559416497,0.605383451233261,0.0245018522994225,0.11650880969767723,0.011127948612880268,0.795101303673342,0.01665698017905066,0.8986296003726896,0.0072518485665394716,0.9491444253182479,0.0017872492946276325,0.2985956237871411,0.03294250678473052
gabor,rf,0.6702169721504607,0.012664139030722218,0.40944025701238845,0.008807095519912022,0.3635656925357142,0.006122050799246329,0.3215262298527398,0.012604314587576652,0.48295531413912374,0.01268972230240063,1.1060805068212773,0.03292382414155137,0.563798102896334,0.04682314407008727,0.8414869176418508,0.040965787131844254,0.7991231726102881,0.014611155094340977,0.6027038645128748,0.02111307321222133,0.8717607011169543,0.06931001489551587,0.422192230625093,0.07076947659019944,0.7534733208193026,0.024739398665087026,0.7140629213142041,0.030427557272485067,0.015964240102171134,0.03257956837502962,0.9892140856036239,0.020617117501789673,0.5507163061070212,0.017057084416882286,0.20823046874225676,0.02159607510037121,0.0027397260273972603,0.006126213636985725,0.9971553610503282,0.006360806062909667,0.5775550890652311,0.02229292049359035,0.11276377348021809,0.0195386689342948,0.7991524642296925,0.014631590103888922,0.9003282193070186,0.004764082617841459,0.9562095240823668,0.009689991653553652,0.2793383580885137,0.025313666893884753
gabor,svm_rbf,0.6904412416160746,0.013253112303872426,0.425314450244325,0.012234771671105085,0.3828842853521944,0.007297129704274457,0.33085889773298743,0.008751540065226845,0.5001919863971142,0.016621907907871845,1.0523290176526046,0.02373292870216399,0.6640192741392772,0.010108774264884924,0.804865476271021,0.024551273581001454,0.8207083024941966,0.01656556948710404,0.6484830323553954,0.030340972827042085,0.8651850100294812,0.02848912427170764,0.49705043886058337,0.02111643427815843,0.7731942346684907,0.022963528600745953,0.7345885761399034,0.014269588549565686,0.0023328572400190435,0.0031949619494363816,0.9964710144641623,0.0015939229890063868,0.5578373378506976,0.023957398482324255,0.20653416216408038,0.02442532240662016,0.0,0.0,1.0,0.0,0.6100250914509134,0.012427892921481581,0.11165203031792104,0.011682047437549274,0.8207083024941966,0.016565569487104,0.9152013567956739,0.0047984028608410575,0.9170572452779868,0.014072054349998225,0.46644902374673086,0.021936037291218503
glcm,lgbm,0.6154565354197918,0.013237091923957927,0.35415293765846456,0.008065918442314716,0.34763814688704675,0.009450920194643752,0.3423406535140721,0.010166234174892461,0.45653912818477255,0.012198901128241586,1.2551182215036398,0.021102467089799966,0.5317138731867075,0.0278208729804539,0.7673298035731981,0.011195591809736307,0.715465474183929,0.01683158785334858,0.48435495786217453,0.0339694575893911,0.6036750356228072,0.05363424695026648,0.6422650166096681,0.05185482041791911,0.6730240517711257,0.02150437687608088,0.6320750104735953,0.0316360695331423,0.1828898247387909,0.05187158952935763,0.8426052242750561,0.03129266457530918,0.5296731581787231,0.02649261735212853,0.19980761515716225,0.014831424718361557,0.0722738539998814,0.043573808148561446,0.9513782522255007,0.02065425654366679,0.5436634575453896,0.04916955019865953,0.10037416714092603,0.027241785116957483,0.715465474183929,0.016831587853348554,0.8546284622442766,0.016072727512340988,0.8893822067217932,0.025361682250767268,0.32590659321516713,0.056879304821796595
glcm,logreg,0.6002148154032934,0.017820442826395375,0.3380398786687559,0.013306386226200229,0.34710025732423094,0.0241204111174109,0.3181337910399251,0.02411322533191958,0.3932692366436876,0.0290861206765527,1.3429542389645075,0.016737575051561447,0.5605331307812708,0.0239017208811987,0.7210654261843256,0.024914147251860058,0.6745199509191022,0.010586404023617657,0.45524046531868445,0.03160961255730378,0.37709599790754245,0.04728241747957692,0.7907825275320896,0.021946665323709626,0.6327901608957787,0.03422650503328698,0.592442619577113,0.044654461835197834,0.1287246966704958,0.027451323327634027,0.8779291976871667,0.013893943596048829,0.5077874587020735,0.02190462411292058,0.18150881931707477,0.016685793880036236,0.3220472039376149,0.054406493078116916,0.7758105474336923,0.0127248574754464,0.5857616910962189,0.044369716275899175,0.12296761046215152,0.03207013872766001,0.6745199509191022,0.010586404023617631,0.8230168856268285,0.013676582478629514,0.9870394216421319,0.006708926682324059,0.05431072033732674,0.01069903240114327
glcm,rf,0.6048245579211657,0.008827246280890906,0.3455356695533927,0.008848239360926952,0.3317929286898348,0.013161953043458357,0.31669776087481727,0.019566132886825294,0.44410983339179105,0.006516025311744836,1.2122683753009322,0.021163671644092785,0.49972579957035057,0.082455375270053,0.7678148869566563,0.03625972780957087,0.6903841179669935,0.015588709694025977,0.46740448532984724,0.037622370163200115,0.6948471541399854,0.08067882066852841,0.5146188467908186,0.10026329457424675,0.6512839831153002,0.019443075087371024,0.6136595806895788,0.03351244966764237,0.09170319086576158,0.0289471566609411,0.9127114986842433,0.036418064008002814,0.5216422451352235,0.024445018168355075,0.18936890794949837,0.011200375406636945,0.040895570183241414,0.042034878646468515,0.9783761373990373,0.013486230927130383,0.5559878854671456,0.0409892550107135,0.11170970424464632,0.024969901664846056,0.6903830298632319,0.015589590050529425,0.8397927376079644,0.018386571959034672,0.9731232545712795,0.01266247962518337,0.11958841917606,0.028718264823403575
glcm,svm_rbf,0.6352024528484124,0.00868219149852242,0.3694415168072642,0.01215253743690981,0.34064869444845447,0.011117338757512897,0.29490975418309695,0.009461255764479126,0.4521557346689867,0.014996436591447405,1.1409673370692641,0.012340313183298573,0.5096963108415679,0.04369325496934401,0.8234707785205277,0.014847438637545072,0.7320461062741821,0.006563815634952556,0.5049653988158745,0.03360048052133937,0.8528984669522501,0.01792253344613544,0.3754470096869085,0.03001917176200522,0.6906538877294064,0.022078716566194707,0.6468229139029175,0.03487404527050383,0.0,0.0,0.9995018556342888,0.0006821263695281435,0.5427110156056232,0.02629551257617148,0.2050097766103412,0.013893569046253463,0.0,0.0,1.0,0.0,0.5753988017844376,0.030787419784640828,0.12096797789992371,0.025468874402295547,0.7320461062741821,0.006563815634952556,0.8647239843803325,0.011128665387267374,0.9431221799844266,0.012877199674643283,0.22737749291996856,0.01255940078816354
hog,lgbm,0.6799349275745928,0.0132807060098053,0.41096983693404604,0.014459615945951161,0.38285162294994823,0.014533400287480323,0.35312339050433644,0.01552807533474417,0.5109632956269073,0.01975971282040638,1.1801950162780332,0.04505260688797661,0.637687871551717,0.037238260725364916,0.8207322693328104,0.005659765055698028,0.800886338201542,0.016838197449327446,0.6267517033170457,0.04258257117501128,0.8214014504667626,0.016757767102352522,0.5342415097535526,0.029698976136954703,0.7463721284630442,0.021386044828288018,0.6883449095992461,0.02344799031673143,0.0665471407236132,0.01957098322304208,0.9426376710625115,0.011507835711805012,0.551932900476956,0.010958079248190963,0.1997664600907853,0.010765296764296549,0.00577002905770029,0.007917618050635778,0.9965988653124155,0.0013807249657992063,0.6205483431568295,0.028751563352192828,0.12901627472910704,0.019756506641467136,0.8008863382015419,0.01683819744932749,0.901712271441532,0.009054565001771904,0.86682288815666,0.008428885122972279,0.5524075643559839,0.04277398420980121
hog,logreg,0.677445734515065,0.016836128395919674,0.4074784242661743,0.014959915846934499,0.40739042895808775,0.01185498080713475,0.39291267726320683,0.010910074865707192,0.4889773423707542,0.015635269386730627,1.2301332476951683,0.02992956052479188,0.6019907831035614,0.03932876815760666,0.8159462548221553,0.007305858214840265,0.7927717650741547,0.021010714462703823,0.6002586738649724,0.043406244069225365,0.5097848703260206,0.022700758202753364,0.8053515477142389,0.015510355296893402,0.7485819838901829,0.02240481220946161,0.7028790235223469,0.02592350157887687,0.23072207616070067,0.026033472340623524,0.8316147039280866,0.022029849356635472,0.5532643414994993,0.028481638471241758,0.20526406846903397,0.017812998400374386,0.2870639862420684,0.030010990604280655,0.8301165174594874,0.01600117498259359,0.6151648475964226,0.03194111176344605,0.12151193120834396,0.015697096434518828,0.7927717650741548,0.021010714462703698,0.8994683372535681,0.01101192393826452,0.9313686072141376,0.00581433261385858,0.3621519863180719,0.021872732609779132
hog,rf,0.6725245648486591,0.014825672037645796,0.4039214088760528,0.01359047501143178,0.3577565026329438,0.011535727016008182,0.3130978842068556,0.010044757406534006,0.47627299699882525,0.012359732571543464,1.134574118180051,0.0281236767064456,0.5264331528988316,0.06787408984393518,0.8637648092732236,0.03336569344760222,0.7913362529341207,0.01417893322153878,0.6154728152253022,0.0392452895869618,0.9009266670595911,0.03427211099743127,0.37584364089914074,0.052139030253009505,0.7371680925898932,0.022606675216853823,0.6837265470551165,0.031769562471067596,0.003666190573352377,0.0033645920922411583,0.9974736162138157,0.0038673499266108718,0.5330103223805477,0.019171712758226774,0.19224496323234938,0.015265085608989457,0.0,0.0,1.0,0.0,0.6285835914900748,0.028233987177392752,0.12424130999144337,0.01669810440081064,0.7913063098708416,0.014207943686823583,0.8942565175304822,0.012020604480503223,0.9681752065325016,0.008305512316167229,0.2471947358177748,0.01470041309631045
hog,svm_rbf,0.7017210279557043,0.015788455737805705,0.4337547838573698,0.01098326893534039,0.39053692396217937,0.011012445024450056,0.3424005908749326,0.01311230654565973,0.5113406237086913,0.019160450474654846,1.0431338864068844,0.024235184579084315,0.6757941507475993,0.037544581612701376,0.816287943580636,0.004010154358779201,0.8238273464973297,0.015975980466080557,0.6459091145181561,0.03612047454695771,0.870400615892876,0.008291063969927247,0.504018835267181,0.03516536660516306,0.7752390952856005,0.019518639493420867,0.730853774497793,0.03295492962783477,0.015952929208242237,0.014213258544330263,0.9917145774893917,0.006992062858259136,0.5727537246355638,0.0095315407557407,0.21524795146970682,0.01852428325905527,0.0,0.0,1.0,0.0,0.6350639454043236,0.03692230850950314,0.1430082949438235,0.011064602901832778,0.8238273464973295,0.015975980466080546,0.9171442965369263,0.009466525648671559,0.9038392629313907,0.006303010140923502,0.5058630500164998,0.021282821434011816
int,lgbm,0.6003202080855579,0.014710683630637279,0.3412305071026262,0.010148076003879925,0.3337983223285902,0.00958862886490266,0.3239147836765616,0.012257517666872537,0.45103314311921067,0.014052667857831358,1.2799962960480373,0.04327524090552596,0.5228909379909437,0.015437298681456593,0.7661273754930837,0.015574511816246821,0.7088307803666947,0.016476170364078866,0.48054093739232817,0.012704557828878634,0.6465494932909401,0.046756773439640735,0.5874265628151766,0.06392045823512917,0.6600510704073463,0.018809839331297033,0.6039470885816179,0.03809120734914557,0.13762891804552346,0.02693623869512857,0.8685013625349722,0.027698942915913148,0.5166103553492961,0.005755991375030022,0.18795085002189188,0.017535560823477042,0.028123939986953683,0.017150042527925374,0.9677517389207381,0.023518478339216664,0.5157886262188942,0.03661692866328563,0.09248315241466686,0.015821810064841877,0.7088307803666947,0.016476170364078987,0.8517484517391782,0.014538595244893907,0.8756235320621352,0.01965453511895364,0.35747745220148996,0.03818847215708114
int,logreg,0.6164753561085318,0.011331266247251441,0.350078227017226,0.005279955454599859,0.34542599884896763,0.013412239752439704,0.32457087391489414,0.010330418209802707,0.4082578067918802,0.013501911732918877,1.318239996750069,0.00990855286430585,0.5430361433648064,0.039007005873809425,0.7301199390835338,0.014166993220800889,0.7059599164605627,0.008915104149729857,0.4813526406263411,0.014671647375003124,0.4262776462322638,0.007225995329472623,0.7600875777587965,0.029755542295302365,0.664189132196607,0.013247787917798312,0.6128500139418865,0.025667200782947947,0.13484030364615837,0.035315500882612025,0.8729660238510789,0.02854784651442764,0.5256406290754139,0.027837994186203977,0.19079105436673954,0.025524596964223083,0.27754990215264186,0.04748169021588412,0.808162649369834,0.011219799821917386,0.5701117467015434,0.03961724312325994,0.1153191991339368,0.023435073857528656,0.7059599164605628,0.00891510414972984,0.8518684923850424,0.013553130499252044,0.986006309668461,0.007299174170307887,0.05884766583356704,0.01731627381419146
int,rf,0.6078208366190418,0.010171425981151186,0.34783870906698067,0.007712174107738246,0.3373095312977837,0.014470462232064154,0.3138517189689166,0.021817927611761895,0.44708400536151444,0.021425233995458752,1.2075592274367832,0.02435122379417627,0.5461686259292374,0.0499252441325725,0.729392093081051,0.0702977773598589,0.7093060898964525,0.019573363042158447,0.4787165269230219,0.02564813757073336,0.7020693164585097,0.09801029532296683,0.5368453400135244,0.10388256999939424,0.6719783244913582,0.01642308555815974,0.6282707093808588,0.032386246073352117,0.07223175488427477,0.04228700945935049,0.9421994336094744,0.02948619167689656,0.521409366537138,0.013084360527882866,0.1871599544125558,0.020328505187927667,0.028768427919112848,0.024583472506355907,0.9828948086034112,0.009994963095034724,0.5285895655512188,0.027264087387675173,0.09720764555148612,0.013329643306595421,0.7092959680974713,0.0195664950055588,0.8561780877022105,0.013659536685475796,0.9695515985697009,0.011089302356713552,0.12291883491042224,0.027350471826187477
int,svm_rbf,0.6232133983231064,0.012169072926321188,0.36032963050173666,0.011881212186444171,0.33390404765864456,0.005174367746021669,0.2882807805185951,0.005336893700324735,0.4440789781013745,0.009374879778785957,1.1456059694764205,0.014227450581758595,0.49485281370725714,0.025877896422516197,0.8060155360727898,0.017426256175136916,0.7282223540854332,0.013237818123571497,0.5134485861185298,0.01647573007908487,0.8407633769273211,0.016669788668147174,0.3802048971704478,0.014998651558663686,0.683302836243146,0.020444290163428296,0.6258182249356055,0.038538042961474325,0.0,0.0,1.0,0.0,0.5301011434539878,0.011665937114257683,0.19458516825264036,0.016724058749478084,0.0,0.0,1.0,0.0,0.5512272595098584,0.034525693548842815,0.1074665427001709,0.02152014449002031,0.7282223540854331,0.013237818123571462,0.8605958615198862,0.014313517498677555,0.9472300183585128,0.016544515987593097,0.2195735261220398,0.044027490434158705
lbp,lgbm,0.6530586590462034,0.010280975024061771,0.38675781384251795,0.010916251960045953,0.37635467593611927,0.01322457871630177,0.37007353332461734,0.013594149109833387,0.49922946894396303,0.012518409681155859,1.1793752051835367,0.02607372748833238,0.6106918533743781,0.03364380399464023,0.7918282941189874,0.015783338069568185,0.77387124508461,0.012701622318468324,0.5703530377883433,0.023239364142725417,0.6541232141286701,0.026865033069588044,0.6899913737812271,0.03584758766901221,0.7378178854943427,0.02158462571345054,0.6823631762459407,0.03287726932679405,0.1758373431737658,0.01278989450879443,0.8484906689793024,0.01826466269440148,0.5455051226409198,0.004557671368715225,0.19989835576267082,0.013406435959574461,0.06476629306766293,0.033331445550068985,0.9462938181027895,0.0061123670825030145,0.555040382964941,0.018234976300627183,0.09441668557311708,0.007681560129766626,0.77387124508461,0.012701622318468338,0.8883416627392664,0.011906952062268363,0.8943986045945188,0.01151194196618419,0.4062354708115755,0.025217059147596983
lbp,logreg,0.6720195354990603,0.01580686868773221,0.39918470123151867,0.0166148236686724,0.41000462890125533,0.027565530841058658,0.3923381421247513,0.02521775488466684,0.504039086980217,0.030468743003328785,1.2405584053814505,0.027807628435235394,0.61916375601904,0.033006951565184725,0.8024322154988409,0.012097147643828179,0.7819382443180137,0.02168748825111887,0.5661364234459858,0.04749659167679892,0.5895009209187141,0.042058981791826294,0.7845587784235002,0.027421608490626866,0.7593453629729363,0.024959000610565933,0.7087471830892558,0.0364721111957346,0.13999002439934338,0.024529724069332744,0.8917856261319177,0.01275958079533324,0.5343396568124854,0.014724826476185095,0.19289404342114527,0.006109881229431748,0.29136381426792385,0.04601223794937737,0.8273920392565752,0.028715106079996257,0.6124548778928061,0.03408810284461873,0.1289611549696876,0.016459742148661055,0.7819382443180138,0.021687488251118787,0.8858268149735877,0.008660421386761387,0.9692973679765513,0.010365239396952376,0.17064748735138452,0.05422323524753417
lbp,rf,0.6551799665596717,0.016498765911426717,0.3893571111293726,0.01763989981578203,0.3769504186662978,0.010365647501867171,0.3505112950486668,0.015120475068791796,0.49833409361871056,0.019893037142425424,1.13987774004952,0.02744114578245323,0.6506519606000974,0.03550267134099534,0.7580560933918041,0.01795704083953991,0.7702776255930741,0.011511588142388363,0.5693926640649954,0.029456159934130227,0.758629599893178,0.034117071019770996,0.602426948797263,0.05162514612442721,0.7438316759459245,0.0253990418866827,0.6848200254033336,0.04601648479877236,0.0680834184475487,0.026990303642606295,0.9394310617684098,0.02878281742299055,0.5492774818510238,0.025483811748885945,0.20015564548883552,0.008051470317921132,0.03043669572436696,0.01933414059501412,0.9839677693434179,0.010107803084420115,0.5573330828486645,0.023814781123648075,0.10306010956032544,0.008461945911771926,0.7702776255930741,0.011511588142388443,0.884929957466514,0.017196759822268252,0.9432919182286496,0.010995548040426541,0.2858837279376428,0.04082272381576717
lbp,svm_rbf,0.684698830787384,0.01951696987575294,0.4124016240718043,0.016442263810766956,0.37702999192887177,0.008362989735842303,0.3244115278331603,0.009329647143482096,0.49251459192235975,0.01653219902143623,1.0705018756203923,0.02401067241518826,0.6506566805429672,0.029009375110124046,0.7885070724507643,0.015089529771557678,0.7971410691519194,0.015166189552625033,0.5966785999259863,0.03964367970632386,0.8561299538391864,0.020281281775961318,0.5008842420595705,0.030413021520467015,0.7638029709118273,0.024167647244926174,0.7105842910482248,0.02745278549184534,0.0013333333333333335,0.0029814239699997203,0.9984978089780145,0.0027132910009474848,0.5795988458550982,0.027766864840929956,0.2219941928138877,0.009434083937356877,0.0,0.0,1.0,0.0,0.5982524372306913,0.0366579578661639,0.12034941249911837,0.015343698391361543,0.7971410691519194,0.015166189552624977,0.9017439879124748,0.006591991806144682,0.9092465311643364,0.01503120010680273,0.43966656700730156,0.03139961251728511
