,0
hog_1073,912.5775055885315
hog_1052,843.4211792945862
lbp_s512p16r2_b5,765.0492295026779
lbp_s256p8r1_b2,656.3902394771576
gabor_l8_t0_mean,606.2104389071465
hog_343,543.5658991336823
lbp_s512p16r2_b11,506.7285000681877
hog_1289,498.7660622596741
hog_1555,484.63676142692566
lbp_s512p16r2_b12,436.79696321487427
gabor_l32_t3_mean,426.7733348608017
hog_289,418.89081931114197
int_hist3,398.1341059207916
hog_553,369.79941987991333
hog_679,359.72057700157166
lbp_s256p8r1_b3,352.16003704071045
int_hist4,350.14015531539917
hog_1509,347.85088860988617
hog_1680,338.84152805805206
int_skew,329.21271055936813
hog_1074,327.08562791347504
hog_1615,314.29944944381714
int_Lmed_p90,294.2175431251526
hog_47,285.81054347753525
hog_940,284.89526307582855
lbp_s512p16r2_b4,281.26257395744324
lbp_s512p16r2_b14,279.07769906520844
gabor_l16_t2_std,274.6478308439255
int_hist11,255.87793707847595
hog_1703,251.33538031578064
glcm_energy_d1_range,245.16154956817627
hog_277,244.77102440595627
hog_1241,243.79685020446777
hog_542,240.85755157470703
hog_1646,238.2112408876419
hog_145,237.78591805696487
hog_1733,237.0271966457367
int_hist2,226.54341864585876
hog_1320,225.12262964248657
int_Lsup_p90,225.10140919685364
hog_270,220.96245992183685
hog_470,213.5782197713852
hog_1359,210.39869904518127
hog_1519,210.11992871761322
hog_1435,207.82240867614746
hog_1647,206.8957925438881
hog_995,204.8753592967987
hog_1205,204.66826021671295
hog_90,202.74512767791748
hog_913,202.04117894172668
hog_1702,200.03308713436127
hog_370,199.63697004318237
lbp_s512p8r1_b0,199.41925954818726
gabor_l16_t1_mean,194.85194897651672
hog_429,194.07439720630646
hog_534,193.63232898712158
hog_863,190.50489223003387
gabor_l8_t0_std,189.4332194328308
hog_1071,188.2141990661621
int_Rinf_mean,185.70441150665283
hog_1101,184.78321039676666
hog_639,182.7159299850464
hog_209,181.00390005111694
hog_1180,180.75827968120575
lbp_s512p16r2_b10,180.18837708234787
hog_1450,179.69989943504333
hog_1304,179.46053051948547
hog_1666,179.28638982772827
hog_1222,178.8634696006775
hog_1430,178.03360718488693
gabor_l8_t1_mean,177.94384157657623
hog_1560,177.392227768898
hog_785,176.47520995140076
hog_188,176.23611056804657
hog_1321,175.26991963386536
lbp_s512p8r1_b4,174.87355172634125
hog_1290,174.74985229969025
hog_1488,171.38681876659393
hog_932,170.4085808992386
hog_316,169.30977630615234
int_Rmed_mean,167.75558805465698
hog_1752,165.92640137672424
hog_1079,165.53207004070282
hog_3,165.00485122203827
gabor_l4_t0_std,164.72611606121063
hog_184,162.52925562858582
hog_1503,161.00916874408722
hog_1556,160.56938791275024
hog_1341,160.53462636470795
hog_1258,160.1569221019745
hog_541,159.87680172920227
hog_1045,159.6760311126709
hog_602,155.42007791996002
hog_1254,153.87081438302994
hog_1525,151.37299025058746
hog_1164,149.68000853061676
hog_1611,148.853520154953
hog_1155,148.5997394323349
hog_1445,148.41805052757263
hog_719,148.3355005979538
hog_1550,148.31827759742737
hog_1061,146.96313083171844
hog_1370,146.77833032608032
hog_418,146.24760854244232
hog_914,145.94371795654297
hog_1218,145.886188685894
hog_1761,145.1596587896347
hog_1317,144.46441793441772
hog_1757,143.71497905254364
gabor_l16_t0_mean,143.44845110177994
hog_1123,143.32078003883362
hog_902,142.2071385383606
hog_313,142.14838123321533
hog_1313,140.4434895515442
lbp_s512p8r1_b9,139.4076601266861
hog_965,139.3914303779602
hog_1044,138.80412340164185
hog_1638,138.28292727470398
hog_1763,138.01657915115356
hog_595,137.8956699371338
hog_1432,136.8868796825409
int_Lmed_mean,136.76718056201935
int_mean,136.71862959861755
hog_603,135.9537901878357
hog_1416,135.94354045391083
hog_953,135.6730614900589
hog_1051,135.64182019233704
hog_170,135.29622066020966
int_Rsup_mean,135.21076452732086
hog_1685,134.62015104293823
hog_1755,134.3328402042389
hog_50,134.32814919948578
hog_2,133.6474188566208
int_Rinf_p90,133.38457906246185
hog_95,132.4524598121643
int_hist12,131.23868250846863
hog_1629,130.96646857261658
hog_1078,130.93368864059448
lbp_s256p8r1_b6,130.93212962150574
hog_1038,129.79730820655823
hog_1257,129.3041090965271
hog_1158,128.73072123527527
hog_862,128.696526825428
hog_182,128.5343677997589
gabor_l8_t3_mean,128.38124001026154
hog_272,127.61972308158875
hog_517,127.44734036922455
hog_908,127.10017168521881
int_Linf_mean,126.9359792470932
hog_531,126.90968835353851
hog_1693,126.87845814228058
hog_1537,126.77693104743958
hog_1510,126.64116978645325
hog_69,126.28542745113373
hog_1327,126.26774168014526
hog_833,126.20039188861847
hog_1437,125.86425006389618
hog_1306,125.78840851783752
hog_499,125.76331067085266
hog_680,125.32405042648315
hog_530,125.21019864082336
hog_683,124.85859799385071
hog_1279,124.39175188541412
hog_77,124.17761993408203
gabor_l8_t2_mean,123.63597023487091
hog_1612,123.60317981243134
hog_613,123.5880856513977
hog_1457,123.53101003170013
hog_200,123.39891052246094
hog_33,123.23813962936401
hog_1495,123.19540047645569
hog_929,123.09796118736267
hog_1676,122.54672062397003
hog_1449,122.25434076786041
hog_593,121.93613910675049
hog_1539,121.88964915275574
hog_1578,121.84513854980469
hog_971,121.82280099391937
hog_1553,121.76099932193756
hog_247,121.70856046676636
hog_870,121.42667150497437
hog_1502,121.17068982124329
hog_1543,121.02497065067291
hog_844,120.98780989646912
hog_190,120.97195982933044
hog_1460,120.67905569076538
hog_1353,120.56193995475769
hog_354,120.52118182182312
hog_213,120.21756148338318
glcm_ASM_d4_range,119.92237997055054
hog_1499,119.81996667385101
gabor_l32_t1_std,119.22210037708282
hog_1514,119.18436920642853
gabor_l8_t1_std,118.94085109233856
hog_1463,118.73896968364716
hog_1451,118.4999190568924
hog_447,117.81914973258972
hog_706,117.59726691246033
hog_745,117.42887902259827
hog_1286,117.35328018665314
hog_6,116.9473706483841
hog_933,116.7413500547409
hog_1590,116.29527139663696
hog_793,115.80038952827454
hog_1701,115.78522109985352
lbp_s512p16r2_b17,115.39951705932617
int_Lsup_mean,115.06946074962616
hog_1242,115.01381027698517
hog_964,114.53399872779846
hog_264,114.16710066795349
hog_1358,113.62172639369965
hog_1670,113.58121991157532
hog_584,113.1353252530098
hog_1198,112.806800365448
hog_1337,112.67224967479706
hog_998,112.29503130912781
hog_1518,112.26531088352203
hog_375,112.25401043891907
hog_1433,112.21678113937378
hog_1606,112.20418787002563
hog_439,112.05273008346558
hog_1414,111.44511866569519
hog_1756,111.36178874969482
hog_1316,110.99535965919495
hog_1156,110.8642189502716
hog_1552,110.76363146305084
int_Rmed_std,110.47769975662231
hog_1231,110.35156965255737
hog_14,110.28329944610596
hog_1709,110.22865056991577
hog_229,110.19116938114166
hog_373,109.96859014034271
hog_1579,109.94655930995941
hog_1411,109.91967952251434
hog_1357,109.83472037315369
hog_688,109.65663921833038
hog_807,109.4412693977356
hog_240,108.58664917945862
hog_1642,108.5536801815033
hog_101,108.48729920387268
hog_135,108.38286781311035
hog_1511,108.22671091556549
hog_371,108.14208114147186
hog_916,107.999920129776
hog_1452,107.92262101173401
hog_196,107.81740009784698
hog_160,107.73932981491089
hog_1356,107.63179922103882
hog_942,107.38496029376984
hog_449,107.20947885513306
hog_1581,106.89787149429321
hog_1533,106.80655097961426
gabor_l32_t0_std,106.78258049488068
hog_820,106.42163896560669
hog_1272,106.06246936321259
hog_1184,105.6636414527893
hog_1713,105.64810931682587
hog_259,105.43038940429688
hog_1563,105.36781734228134
hog_221,104.97205901145935
hog_91,104.9475486278534
hog_911,104.57857930660248
hog_1379,104.55341076850891
hog_1621,104.35215044021606
hog_1667,103.88428020477295
hog_1619,103.8041422367096
hog_1069,103.72920036315918
hog_1762,103.35927152633667
hog_1453,103.06583034992218
hog_142,102.87017965316772
hog_141,102.79710984230042
hog_1000,102.70220994949341
hog_1580,102.45203161239624
hog_506,101.83778953552246
hog_1104,101.8017218708992
hog_178,101.03308069705963
hog_1199,100.96721214056015
gabor_l16_t0_std,100.69120144844055
hog_1301,100.21839380264282
hog_829,100.16141152381897
hog_1096,99.88184916973114
hog_426,99.84930944442749
hog_674,99.74841809272766
hog_198,99.66179025173187
hog_1351,99.52640962600708
hog_855,99.40569937229156
hog_550,99.15291428565979
hog_1527,99.12719798088074
hog_393,98.96880757808685
hog_960,98.93231010437012
hog_1215,98.91942977905273
lbp_s256p8r1_b8,98.55872118473053
hog_963,98.46669149398804
hog_432,98.4325498342514
hog_1531,97.69619905948639
hog_1655,97.51732897758484
hog_481,97.30232894420624
lbp_s512p16r2_b6,97.29363107681274
hog_1396,97.26560878753662
lbp_s512p8r1_b2,97.17803001403809
hog_299,97.04923105239868
hog_227,96.9213398694992
hog_1219,96.89830994606018
hog_1730,96.86542844772339
gabor_l32_t1_mean,96.63473927974701
hog_1243,96.61433684825897
gabor_l32_t3_std,96.50716149806976
hog_705,96.39515149593353
hog_824,96.39153957366943
hog_1751,96.36230087280273
hog_1111,96.34740078449249
hog_1607,96.2259019613266
hog_379,96.18506062030792
hog_376,96.12538063526154
hog_648,95.93169975280762
hog_226,95.41500067710876
hog_1170,95.35039985179901
hog_1076,95.33454084396362
int_p50,95.23137855529785
hog_1565,95.03837180137634
hog_236,94.97438073158264
hog_614,94.65087068080902
hog_1040,94.34202027320862
hog_1668,94.31600975990295
hog_610,94.30534052848816
hog_208,94.2166097164154
hog_882,94.18896853923798
hog_739,94.00537312030792
hog_1403,94.00517928600311
glcm_energy_d4_range,94.00297909975052
hog_1335,93.98600959777832
hog_244,93.98158097267151
hog_511,93.93324959278107
hog_1585,93.92259073257446
hog_1261,93.7880392074585
hog_1760,93.77453052997589
int_Lsup_std,93.70327639579773
hog_662,93.69648933410645
hog_993,93.5956906080246
hog_558,93.0471305847168
hog_344,92.9326034784317
hog_492,92.8884003162384
hog_1054,92.88113021850586
hog_468,92.68742990493774
int_hist5,92.64087891578674
hog_1566,92.5521000623703
hog_646,92.43512845039368
hog_1189,92.36404037475586
hog_577,92.31134915351868
hog_1737,92.23148822784424
hog_1343,92.0221996307373
hog_871,91.90098011493683
hog_1065,91.88047605752945
hog_792,91.51737022399902
hog_440,91.31478869915009
hog_744,91.26146900653839
hog_1388,90.65728271007538
hog_267,90.52751922607422
hog_952,90.17435991764069
hog_618,89.95000743865967
hog_436,89.87627124786377
hog_258,89.67085981369019
hog_988,89.44426929950714
hog_1378,89.17872941493988
hog_1548,89.10885798931122
gabor_l32_t2_mean,88.80849266052246
hog_1262,88.62744998931885
hog_194,88.46399939060211
hog_1211,88.29568016529083
hog_1179,88.23942029476166
hog_403,88.12546932697296
hog_1570,87.90251040458679
hog_989,87.76291108131409
hog_214,87.73925852775574
hog_709,87.5979710817337
hog_62,87.4709804058075
hog_1299,87.28021097183228
hog_1587,87.22457909584045
hog_1643,87.13457071781158
hog_1293,86.9559395313263
hog_1333,86.41829991340637
hog_521,86.38079011440277
hog_1108,86.30638825893402
hog_342,86.13401007652283
hog_1152,86.13078999519348
hog_1196,86.04482984542847
hog_664,85.84074878692627
hog_1467,85.83083033561707
int_p25,85.81599986553192
hog_1072,85.7278196811676
hog_1018,85.6774914264679
hog_1249,85.57799911499023
hog_1681,85.50909984111786
hog_852,85.35566639900208
hog_1526,85.28607153892517
lbp_s512p16r2_b13,84.94281029701233
hog_155,84.89138996601105
hog_641,84.69294011592865
hog_1062,84.60478973388672
hog_351,84.51133000850677
hog_1459,84.45199990272522
hog_409,84.42086017131805
hog_992,84.25414258241653
hog_315,84.1728001832962
hog_54,84.0016907453537
hog_279,83.72898006439209
hog_1650,83.71551942825317
hog_1247,83.58326262235641
hog_961,83.5534895658493
hog_1678,83.26507806777954
hog_228,82.96945035457611
hog_73,82.85894179344177
gabor_l32_t2_std,82.6695009469986
hog_203,82.66336941719055
hog_1194,82.64588069915771
hog_501,82.52709913253784
hog_836,82.51165914535522
hog_1679,82.34513890743256
hog_249,82.16637086868286
hog_1250,82.15531075000763
hog_1361,82.13026118278503
hog_574,82.07195007801056
hog_1738,81.99029970169067
gabor_l16_t1_std,81.97292912006378
hog_359,81.86541843414307
hog_667,81.63508033752441
hog_1485,81.6170603632927
hog_415,81.53615021705627
hog_1456,81.53191900253296
hog_592,81.07356214523315
hog_1469,81.00741970539093
hog_766,80.89584839344025
hog_307,80.8908486366272
hog_1384,80.89021158218384
hog_1493,80.75660991668701
hog_305,80.51025986671448
hog_750,80.45410978794098
hog_1043,80.3636703491211
hog_1397,80.34751451015472
hog_1308,80.33258020877838
hog_527,80.28190875053406
hog_136,80.15403985977173
hog_1424,79.97767114639282
hog_1626,79.96662831306458
hog_1721,79.94006037712097
hog_623,79.9251104593277
hog_547,79.74550950527191
hog_1750,79.69114077091217
hog_232,79.60705125331879
hog_912,79.53016936779022
hog_1342,79.44861936569214
hog_1656,79.24908089637756
hog_774,78.9770610332489
hog_691,78.78265857696533
hog_563,78.70309376716614
hog_461,78.59818881750107
hog_1723,78.4581401348114
hog_663,78.43601965904236
hog_1728,78.3706910610199
hog_1658,78.36594516038895
hog_1532,78.26899003982544
hog_1163,77.98701107501984
hog_441,77.97192096710205
hog_1440,77.93223977088928
hog_937,77.88394975662231
hog_1268,77.52940940856934
hog_1520,77.46690046787262
hog_1305,77.18450957536697
hog_1572,77.04711103439331
hog_493,77.0416294336319
hog_723,76.99488997459412
hog_1639,76.98000025749207
hog_944,76.59478044509888
hog_252,76.56252038478851
hog_87,76.51023077964783
int_Linf_std,76.35250997543335
hog_1546,76.29431021213531
hog_979,76.08526992797852
hog_1512,76.07828044891357
hog_314,76.06424045562744
hog_380,75.97479009628296
hog_1609,75.81355857849121
hog_941,75.7716212272644
hog_881,75.7594804763794
hog_1684,75.74937033653259
hog_24,75.594189286232
hog_894,75.50567054748535
hog_179,75.4974308013916
hog_565,75.4498502612114
hog_1648,75.4147400856018
hog_710,75.3774094581604
hog_1595,75.36631894111633
hog_718,75.26406002044678
hog_265,75.24660003185272
hog_1699,75.10522127151489
hog_1284,75.01275968551636
hog_1671,74.97019875049591
hog_1573,74.926429271698
hog_1133,74.84501051902771
hog_529,74.79617929458618
hog_1177,74.65116119384766
hog_1554,74.34827142953873
hog_1627,74.18840098381042
hog_241,74.17283320426941
hog_1229,74.08722043037415
hog_193,73.89011061191559
hog_1371,73.79791903495789
hog_984,73.76521897315979
hog_1707,73.61795997619629
hog_729,73.40076440572739
hog_1200,73.37742030620575
hog_559,73.3437602519989
int_Rinf_std,73.28440010547638
hog_328,73.0248795747757
hog_803,72.81275963783264
hog_398,72.72475135326385
hog_1561,72.7010213136673
hog_1708,72.59816932678223
hog_972,72.57424974441528
hog_225,72.45252013206482
lbp_s256p8r1_b9,72.38267087936401
lbp_s512p16r2_b8,72.34852886199951
hog_64,72.29596972465515
hog_263,72.25058007240295
hog_1263,72.1077606678009
hog_1745,71.76867055892944
glcm_homogeneity_d4_range,71.7309787273407
hog_1147,71.64536046981812
int_asym_lr,71.60461020469666
hog_1237,71.58683919906616
hog_978,71.5143609046936
hog_388,71.41414952278137
hog_1677,71.31501042842865
hog_1131,71.26169061660767
hog_1354,71.24773013591766
hog_1067,71.05188953876495
hog_1475,70.9909998178482
hog_591,70.95247948169708
hog_1744,70.92462062835693
hog_1415,70.89037942886353
hog_486,70.88080990314484
hog_479,70.83702063560486
hog_1280,70.83696115016937
hog_1582,70.61175072193146
hog_127,70.5686206817627
hog_811,70.49683010578156
gabor_l16_t3_mean,70.44973993301392
hog_1110,70.29050135612488
lbp_s512p8r1_b3,70.17514991760254
hog_1197,70.11144018173218
hog_319,70.03986203670502
hog_850,70.02404999732971
hog_1160,70.01260006427765
hog_673,69.83066070079803
hog_395,69.79709982872009
hog_925,69.79381036758423
hog_1007,69.73134958744049
hog_1027,69.67109882831573
hog_422,69.66141128540039
hog_864,69.6541109085083
hog_1216,69.63115000724792
hog_712,69.48666954040527
hog_726,69.4429417848587
hog_18,69.43077993392944
hog_714,69.41904878616333
int_hist8,69.39843988418579
hog_466,69.25559973716736
hog_528,69.21899974346161
hog_1141,69.18347954750061
hog_457,69.0252001285553
hog_350,68.96594423055649
hog_1608,68.84052377939224
glcm_energy_d2_range,68.74164986610413
hog_1380,68.53980052471161
hog_412,68.44617938995361
hog_1545,68.30377900600433
hog_465,68.08193969726562
hog_1663,68.04237234592438
hog_934,67.98154318332672
hog_1309,67.97270131111145
hog_1473,67.86808836460114
hog_304,67.85897016525269
hog_1103,67.6601413488388
hog_444,67.41945242881775
hog_700,67.41513895988464
hog_1095,67.41229021549225
glcm_entropy_d2_range,67.3898708820343
hog_1046,67.38476920127869
hog_119,67.33299970626831
hog_1722,67.28885960578918
hog_580,67.27772068977356
hog_805,67.22486901283264
hog_1059,67.21778976917267
hog_352,67.12359023094177
hog_111,67.01293063163757
hog_819,66.97998023033142
hog_1600,66.97927033901215
hog_1005,66.95111608505249
hog_676,66.84020113945007
hog_430,66.81280088424683
hog_156,66.75568974018097
hog_1037,66.65214836597443
hog_361,66.65005040168762
gabor_l32_t0_mean,66.59454011917114
hog_1366,66.54555130004883
hog_945,66.53782987594604
hog_310,66.36241912841797
hog_1233,66.2905502319336
hog_391,66.24923014640808
hog_355,66.18989872932434
hog_357,66.14444971084595
hog_275,66.10448002815247
glcm_ASM_d1_range,66.05703949928284
hog_1031,66.05161011219025
hog_889,66.05085015296936
glcm_homogeneity_d2_mean,65.83865976333618
hog_666,65.8250104188919
hog_621,65.78821897506714
hog_1682,65.74444007873535
hog_523,65.69943928718567
hog_1248,65.69225072860718
hog_469,65.6920793056488
hog_552,65.64274001121521
hog_1569,65.64074909687042
hog_202,65.54698038101196
hog_1672,65.52094030380249
hog_60,65.43887984752655
hog_503,65.4193400144577
hog_794,65.35354995727539
hog_1352,65.19734907150269
hog_8,65.1391704082489
hog_713,65.09734082221985
hog_772,65.06065851449966
hog_4,65.04675948619843
hog_650,65.03197979927063
hog_535,64.94210982322693
hog_586,64.91518986225128
hog_1058,64.87108945846558
hog_786,64.73664927482605
hog_384,64.70591020584106
hog_428,64.65308845043182
hog_1130,64.37572860717773
hog_997,64.353590965271
hog_153,64.33974003791809
hog_1418,64.31164050102234
hog_437,64.31148052215576
hog_326,64.27089095115662
hog_1462,64.25452971458435
hog_518,64.15332913398743
int_Rmed_p90,64.12248992919922
hog_748,63.95176160335541
hog_291,63.94469392299652
hog_490,63.94251894950867
hog_1559,63.8879497051239
hog_906,63.86113965511322
hog_1549,63.66209030151367
int_inf_minus_sup,63.608649492263794
hog_1740,63.54698991775513
hog_400,63.49948024749756
hog_725,63.48288011550903
hog_1567,63.422070384025574
hog_1725,63.35831022262573
hog_1524,63.29464054107666
hog_891,63.27217757701874
lbp_s256p8r1_b7,63.23514974117279
hog_1521,63.13425004482269
hog_1253,63.11419951915741
hog_31,63.07723033428192
hog_1574,63.03556001186371
int_Rsup_std,62.98616933822632
hog_1489,62.84254026412964
hog_180,62.82185101509094
hog_425,62.80644953250885
hog_1616,62.70810890197754
hog_808,62.64315950870514
hog_474,62.36479985713959
hog_756,62.364551067352295
hog_1107,62.328370332717896
hog_1287,62.00849974155426
hog_484,61.95426023006439
hog_1661,61.86659014225006
hog_433,61.775992810726166
lbp_s512p8r1_b8,61.77255034446716
hog_294,61.754090309143066
hog_515,61.71816968917847
hog_1596,61.395580410957336
hog_1041,61.36518979072571
hog_1112,61.18212044239044
hog_255,61.133400201797485
hog_1652,61.09043025970459
hog_48,61.06196987628937
hog_1312,60.993589639663696
hog_1294,60.88394057750702
hog_751,60.84048080444336
gabor_l16_t3_std,60.83354067802429
hog_715,60.76924026012421
hog_44,60.747618556022644
hog_1019,60.71945941448212
hog_1412,60.70090961456299
hog_1605,60.6998895406723
hog_1746,60.66081976890564
hog_1300,60.59170949459076
hog_223,60.56451082229614
hog_915,60.54190921783447
hog_1474,60.50395047664642
hog_1139,60.50099980831146
hog_1540,60.4895293712616
hog_107,60.467859745025635
hog_1487,60.36670982837677
hog_991,60.31745958328247
glcm_entropy_d4_mean,60.31250989437103
hog_1315,60.26350975036621
hog_488,60.17694115638733
hog_588,60.07787895202637
hog_453,60.06621038913727
hog_659,60.004860043525696
hog_123,59.97316086292267
hog_732,59.9360591173172
hog_1657,59.92478108406067
hog_505,59.901819467544556
hog_839,59.8319091796875
hog_672,59.80674171447754
int_hist14,59.59234035015106
hog_1126,59.58382058143616
hog_970,59.548070430755615
hog_711,59.50956988334656
hog_510,59.502638936042786
hog_1025,59.43057060241699
hog_545,59.36696910858154
hog_1575,59.35758066177368
hog_1705,59.28988075256348
hog_53,59.181068897247314
hog_79,59.17464983463287
hog_654,59.162009954452515
hog_631,59.143370032310486
hog_1070,59.130409717559814
hog_477,59.04754996299744
hog_456,59.04128980636597
hog_842,58.77672076225281
hog_765,58.75218904018402
hog_1314,58.62878966331482
hog_818,58.621060371398926
hog_656,58.27137899398804
hog_72,58.23170620203018
hog_1736,58.20565938949585
hog_1097,57.96649134159088
hog_775,57.91571044921875
hog_1636,57.831119775772095
hog_96,57.783440351486206
hog_1381,57.62418985366821
hog_332,57.54088020324707
hog_283,57.481040716171265
hog_1004,57.48054051399231
hog_817,57.42142963409424
hog_1144,57.392699241638184
hog_1719,57.349769592285156
hog_11,57.27067971229553
hog_169,57.18441069126129
hog_843,57.128249526023865
hog_1603,57.059619545936584
hog_1727,56.947970390319824
hog_496,56.90812039375305
hog_1011,56.89031958580017
hog_1601,56.80069971084595
hog_1213,56.79929983615875
hog_413,56.751399993896484
hog_61,56.719040274620056
hog_112,56.70047044754028
hog_473,56.69999921321869
hog_86,56.67133057117462
hog_951,56.522759318351746
hog_1083,56.40428042411804
hog_1185,56.3645886182785
hog_924,56.346359610557556
hog_125,56.33549988269806
hog_476,56.28975021839142
hog_1591,56.28784990310669
hog_830,56.25463080406189
hog_1223,56.22687911987305
hog_1481,56.088430762290955
hog_900,56.072750091552734
hog_1528,55.964271545410156
hog_36,55.92994183301926
hog_40,55.903748750686646
hog_356,55.852620124816895
hog_1710,55.760129570961
hog_764,55.66097033023834
hog_80,55.64975023269653
hog_1298,55.61969065666199
hog_982,55.58750057220459
hog_1571,55.547330141067505
hog_1758,55.337210059165955
hog_625,55.22391974925995
hog_67,55.21260058879852
hog_28,55.13223147392273
hog_420,55.04855012893677
hog_85,55.03619980812073
hog_1447,54.965388774871826
hog_809,54.938130021095276
hog_1735,54.8803790807724
hog_1255,54.86942011117935
hog_1210,54.8571400642395
hog_1032,54.85476040840149
hog_901,54.8161199092865
hog_812,54.79856085777283
hog_754,54.73719024658203
hog_381,54.716100335121155
hog_1714,54.713369965553284
hog_1260,54.708659172058105
hog_1162,54.54801905155182
hog_1202,54.43123960494995
hog_568,54.35951900482178
hog_0,54.19999039173126
hog_1349,54.14117991924286
hog_1551,54.11931025981903
hog_303,54.1091103553772
hog_1322,53.97756004333496
hog_946,53.94380044937134
hog_43,53.797419250011444
hog_88,53.68769073486328
hog_677,53.594850301742554
hog_543,53.43444895744324
int_hist13,53.312700271606445
hog_1296,53.17884957790375
hog_1206,53.148959159851074
hog_798,53.07089972496033
hog_9,52.93295073509216
hog_306,52.916980504989624
hog_414,52.8620491027832
hog_526,52.80197036266327
hog_347,52.79993987083435
hog_519,52.78626990318298
hog_1506,52.72688055038452
hog_778,52.72045016288757
hog_966,52.6331102848053
hog_485,52.597169399261475
hog_478,52.54104936122894
hog_292,52.411579608917236
hog_245,52.31292974948883
hog_973,52.28623938560486
int_Rsup_p90,52.25634014606476
hog_1497,52.17510962486267
hog_1303,52.1593599319458
hog_627,52.158050417900085
hog_273,52.10866928100586
hog_704,52.05928063392639
hog_210,52.02807021141052
hog_1448,52.02654981613159
hog_1557,51.93237042427063
hog_1471,51.891520500183105
hog_367,51.80664920806885
hog_1480,51.761210203170776
hog_1665,51.62501049041748
hog_1318,51.59128034114838
hog_51,51.522911071777344
hog_139,51.499998807907104
hog_823,51.46729898452759
hog_507,51.39412021636963
hog_271,51.34599947929382
hog_887,51.32115042209625
hog_958,51.30016016960144
hog_653,51.25316941738129
hog_276,51.21262979507446
hog_632,51.1817901134491
hog_59,51.13203978538513
hog_230,51.0276597738266
hog_1182,50.97683036327362
hog_1395,50.96076059341431
hog_1336,50.88963985443115
hog_21,50.88236105442047
hog_168,50.81635046005249
hog_893,50.56726050376892
hog_282,50.48489022254944
hog_1252,50.39654994010925
hog_943,50.28251922130585
lbp_s512p16r2_b15,50.27127981185913
hog_1329,50.27018165588379
hog_1326,50.25725984573364
hog_207,50.225438952445984
hog_1348,50.22361159324646
hog_1408,50.21803843975067
hog_596,50.19771981239319
hog_1496,50.189919233322144
hog_1319,50.109779596328735
hog_76,50.08749008178711
hog_286,50.00996959209442
gabor_l4_t1_mean,49.98828983306885
hog_834,49.886080503463745
hog_152,49.815579891204834
lbp_s512p16r2_b3,49.800389766693115
hog_1088,49.73842167854309
hog_1259,49.71086096763611
hog_728,49.55928897857666
hog_846,49.4667694568634
hog_1276,49.45887064933777
hog_735,49.30340933799744
hog_25,49.28233015537262
hog_317,49.17518973350525
hog_114,49.16589021682739
hog_253,49.14968979358673
hog_1513,49.138940930366516
hog_374,49.093279123306274
hog_92,49.02159905433655
int_hist10,48.999709486961365
hog_1505,48.82311999797821
hog_594,48.81453037261963
hog_183,48.810420513153076
hog_875,48.745959639549255
hog_235,48.56410026550293
hog_600,48.466490149497986
hog_269,48.456169962882996
hog_1698,48.35553979873657
hog_626,48.303139209747314
hog_122,48.290809869766235
hog_1075,48.282349824905396
hog_161,48.2803692817688
hog_140,48.18904972076416
hog_443,48.179460644721985
hog_1266,48.160348892211914
hog_647,48.1575311422348
hog_757,48.1323606967926
hog_1068,48.09426999092102
hog_164,48.072049617767334
hog_1659,48.04423904418945
lbp_s512p8r1_b5,48.001180768013
hog_32,47.9930305480957
hog_1617,47.986899733543396
hog_302,47.959529995918274
hog_219,47.93251919746399
hog_121,47.92084980010986
hog_1109,47.86259126663208
hog_776,47.830519914627075
hog_1517,47.77004945278168
hog_1718,47.72800970077515
hog_1406,47.707499623298645
hog_1622,47.63905990123749
hog_1711,47.586440324783325
hog_1754,47.57190978527069
lbp_s512p16r2_b2,47.56454062461853
hog_1461,47.55886995792389
hog_1310,47.53748083114624
hog_37,47.46441078186035
hog_1402,47.45607042312622
gabor_l16_t2_mean,47.420350074768066
hog_1013,47.416889667510986
hog_968,47.34082043170929
hog_1291,47.32750964164734
hog_1338,47.30749988555908
hog_930,47.23838984966278
hog_336,47.19697034358978
hog_301,47.18973970413208
hog_509,47.147170662879944
hog_248,47.12525951862335
hog_566,47.12396049499512
hog_1558,46.87319040298462
hog_883,46.81050932407379
glcm_homogeneity_d4_mean,46.574180364608765
hog_187,46.55971097946167
hog_1175,46.51491022109985
hog_589,46.43156027793884
hog_698,46.41813004016876
hog_163,46.35627031326294
hog_298,46.35211992263794
hog_604,46.236239552497864
gabor_l8_t2_std,46.22312116622925
hog_338,46.140769958496094
hog_1734,46.05033993721008
hog_177,46.04960012435913
hog_753,46.008060693740845
hog_1614,45.901960611343384
hog_35,45.80368947982788
hog_692,45.78681015968323
hog_495,45.75665986537933
hog_309,45.72429978847504
hog_201,45.6852707862854
hog_1439,45.66741967201233
hog_1696,45.654738903045654
hog_1618,45.60186070203781
hog_109,45.51087021827698
hog_999,45.45991063117981
hog_192,45.41767978668213
hog_806,45.39263117313385
hog_606,45.37751007080078
hog_1119,45.34650909900665
hog_1592,45.29985010623932
lbp_s256p8r1_b1,45.273890137672424
hog_918,45.257199883461
hog_438,45.229679584503174
hog_1498,45.194759130477905
hog_1472,45.10874962806702
hog_686,45.087960958480835
hog_1586,45.0772910118103
hog_218,45.058549642562866
hog_512,45.05372953414917
hog_800,45.04546219110489
hog_1712,45.013588666915894
hog_873,44.9364697933197
hog_99,44.92934060096741
hog_1419,44.87342941761017
hog_1035,44.78741002082825
hog_838,44.7126105427742
hog_1534,44.61623978614807
hog_784,44.61178970336914
hog_1085,44.56237006187439
hog_856,44.497278928756714
hog_1024,44.39740991592407
hog_524,44.265259742736816
hog_29,44.21253168582916
hog_1504,43.82709038257599
lbp_s256p8r1_b0,43.732640743255615
hog_1500,43.60557961463928
hog_1377,43.598021149635315
hog_546,43.570409536361694
hog_1084,43.54799008369446
hog_922,43.534979820251465
hog_787,43.473660945892334
glcm_contrast_d2_range,43.44693052768707
hog_1187,43.44593930244446
hog_514,43.260249376297
hog_390,43.2470383644104
hog_733,43.23460006713867
hog_82,43.01257085800171
hog_1214,42.98950016498566
hog_1434,42.9776406288147
hog_1283,42.95546996593475
hog_1654,42.9223096370697
hog_1006,42.9134795665741
hog_467,42.89955949783325
hog_239,42.8583197593689
hog_237,42.85582971572876
hog_737,42.79989016056061
hog_538,42.76847052574158
hog_105,42.73624897003174
hog_1178,42.70953035354614
hog_349,42.64862012863159
glcm_correlation_d4_range,42.593000292778015
hog_697,42.54921054840088
hog_640,42.51711940765381
hog_1181,42.39830017089844
hog_5,42.39768028259277
hog_55,42.332539319992065
hog_1148,42.31916928291321
hog_234,42.289310455322266
hog_1325,42.279109954833984
glcm_ASM_d2_range,42.26899003982544
hog_684,42.22659945487976
hog_1292,42.17704939842224
hog_325,42.16831028461456
lbp_s512p8r1_b1,42.127310276031494
hog_1221,42.08009052276611
hog_262,42.07728099822998
hog_926,41.954028606414795
hog_1143,41.77940058708191
hog_1264,41.773759961128235
hog_1311,41.706780433654785
hog_1166,41.686869621276855
hog_1015,41.624199986457825
hog_181,41.587700605392456
hog_1436,41.568689942359924
hog_1105,41.540979981422424
hog_335,41.471280336380005
hog_1584,41.45051038265228
hog_670,41.40642046928406
hog_175,41.38122081756592
hog_1759,41.35840964317322
hog_1236,41.34601044654846
hog_212,41.301548302173615
lbp_s512p8r1_b7,41.216559648513794
hog_504,41.212979793548584
hog_716,41.20026981830597
hog_1087,41.18455970287323
hog_1128,41.15619921684265
hog_520,41.114200949668884
hog_137,41.04911994934082
hog_327,40.98825162649155
glcm_entropy_d1_range,40.93004930019379
hog_1628,40.821420669555664
hog_1700,40.75387990474701
hog_1099,40.74720025062561
hog_1390,40.68631052970886
hog_256,40.626100063323975
hog_1442,40.589110374450684
hog_876,40.576759457588196
hog_1724,40.50316047668457
hog_707,40.46546912193298
hog_385,40.46089148521423
hog_892,40.45733034610748
hog_1717,40.447269439697266
hog_788,40.416930198669434
hog_539,40.36721920967102
hog_1151,40.1098997592926
lbp_s256p8r1_b5,40.02911949157715
hog_760,40.02328968048096
hog_1238,40.02214956283569
hog_1478,39.90407991409302
hog_619,39.89557933807373
hog_1234,39.87014985084534
hog_144,39.86673045158386
hog_1729,39.834298610687256
hog_1297,39.82324135303497
hog_1008,39.80257070064545
hog_1324,39.78452968597412
hog_39,39.77511954307556
hog_293,39.769840478897095
hog_1598,39.71981930732727
hog_1695,39.662609338760376
hog_1465,39.65587019920349
hog_94,39.63958930969238
hog_661,39.57037961483002
hog_1542,39.56659007072449
hog_452,39.405839681625366
hog_1458,39.385770082473755
hog_1053,39.32784986495972
hog_1492,39.31515049934387
gabor_l4_t3_mean,39.26968014240265
hog_1660,39.205639243125916
hog_151,39.17199981212616
hog_1369,39.15660107135773
hog_835,38.9666930437088
hog_23,38.96342992782593
hog_27,38.95565056800842
hog_1494,38.937220335006714
hog_643,38.93721008300781
hog_93,38.914860010147095
hog_483,38.89073967933655
hog_1036,38.773160219192505
hog_865,38.74748992919922
hog_1675,38.728840351104736
hog_1246,38.65893030166626
hog_78,38.57868003845215
hog_1057,38.5693097114563
hog_1204,38.52040100097656
hog_1634,38.51327037811279
hog_682,38.501060009002686
hog_1486,38.45449924468994
hog_406,38.45142889022827
hog_724,38.42100977897644
hog_948,38.40553021430969
hog_487,38.37299084663391
hog_345,38.321330308914185
hog_1368,38.28473973274231
hog_89,38.16127896308899
hog_38,38.09434986114502
hog_1201,38.07185983657837
hog_1464,38.051769971847534
hog_1479,38.00915050506592
hog_340,37.97258949279785
hog_19,37.947009682655334
lbp_s512p16r2_b0,37.911879777908325
hog_318,37.871750593185425
hog_759,37.8529098033905
hog_1157,37.801860094070435
gabor_l4_t2_mean,37.78727054595947
hog_147,37.78168034553528
hog_383,37.75635004043579
hog_939,37.68057024478912
hog_851,37.66970992088318
hog_41,37.63756060600281
hog_52,37.44038987159729
hog_455,37.431270360946655
hog_1382,37.412049889564514
hog_1535,37.26920986175537
hog_985,37.21871018409729
hog_974,37.19809007644653
hog_435,37.07687032222748
hog_826,37.07419037818909
hog_246,37.06651020050049
hog_742,36.93619000911713
hog_1633,36.92534005641937
int_hist7,36.92263054847717
lbp_s256p8r1_b4,36.830039978027344
hog_771,36.786410093307495
hog_685,36.77626013755798
hog_1726,36.77019953727722
hog_30,36.683730602264404
hog_1208,36.62311005592346
hog_266,36.60230249166489
hog_828,36.59883975982666
hog_599,36.5766396522522
hog_1686,36.55924415588379
hog_1114,36.518550395965576
hog_1484,36.483579874038696
hog_1124,36.4792799949646
hog_554,36.409080266952515
hog_1102,36.38490962982178
hog_1281,36.36825966835022
hog_329,36.35917019844055
hog_231,36.33540987968445
hog_176,36.30843997001648
hog_675,36.29886054992676
hog_100,36.28147006034851
hog_150,36.273589849472046
hog_387,36.26817977428436
hog_1137,36.23498010635376
hog_959,36.2255597114563
hog_1645,36.19348967075348
hog_195,36.168140172958374
hog_1421,36.1528902053833
hog_1093,36.006629943847656
hog_1562,35.9521803855896
lbp_s512p16r2_b7,35.94356954097748
hog_1042,35.830140352249146
hog_1149,35.80484092235565
hog_1345,35.75552010536194
hog_386,35.71755003929138
hog_216,35.67044985294342
hog_482,35.65322995185852
hog_1429,35.649720430374146
hog_296,35.56370997428894
hog_1256,35.5616500377655
hog_579,35.49052023887634
hog_1653,35.48588991165161
hog_702,35.48225927352905
gabor_l4_t0_mean,35.37066042423248
hog_1404,35.342260003089905
hog_1016,35.23702049255371
hog_75,35.23014950752258
hog_118,35.22213053703308
hog_1367,35.19528007507324
hog_1136,35.177470445632935
hog_741,35.063990235328674
glcm_entropy_d4_range,35.03480923175812
hog_1530,35.010029792785645
hog_549,34.96790885925293
hog_582,34.96607947349548
hog_1635,34.95706033706665
hog_746,34.94362998008728
hog_1022,34.87265944480896
int_p75,34.8570191860199
hog_1720,34.85105037689209
hog_434,34.84283947944641
hog_323,34.79430055618286
hog_1365,34.752140164375305
hog_83,34.746272921562195
hog_831,34.73151969909668
hog_738,34.70903992652893
hog_810,34.698050022125244
hog_1030,34.684340476989746
hog_1192,34.6483097076416
hog_1195,34.63941943645477
hog_1034,34.63020062446594
hog_254,34.54195952415466
hog_68,34.531700015068054
hog_1029,34.50268042087555
hog_572,34.42637062072754
hog_981,34.34315025806427
hog_10,34.31470060348511
hog_1523,34.27089989185333
hog_802,34.254029631614685
hog_1120,34.20290994644165
hog_1407,34.132670640945435
hog_42,34.028300285339355
hog_1118,34.01373040676117
hog_165,33.977583169937134
hog_110,33.94532930850983
hog_1564,33.9369797706604
glcm_homogeneity_d1_mean,33.886070013046265
hog_1001,33.88199442625046
hog_888,33.8576101064682
hog_405,33.75374984741211
hog_1706,33.678600430488586
hog_1274,33.61636996269226
hog_1010,33.57024931907654
hog_108,33.56710958480835
hog_1153,33.490700244903564
hog_205,33.447839975357056
hog_790,33.43298053741455
hog_288,33.432079672813416
hog_994,33.43167006969452
hog_297,33.32480025291443
hog_1747,33.298359990119934
hog_84,33.207810163497925
hog_1623,33.18170976638794
hog_990,33.15059971809387
hog_1454,33.13426971435547
hog_17,33.12862038612366
hog_1090,33.119669914245605
hog_1674,33.088639974594116
hog_431,33.005499839782715
hog_242,33.002650022506714
hog_224,32.97978591918945
hog_1134,32.93230056762695
hog_1624,32.86656999588013
hog_740,32.789419651031494
hog_1444,32.72487008571625
glcm_homogeneity_d1_range,32.67491948604584
hog_1129,32.661720752716064
hog_1340,32.63305044174194
hog_377,32.605390310287476
hog_243,32.589329957962036
hog_71,32.53195023536682
hog_16,32.51195967197418
hog_337,32.40555024147034
hog_555,32.30537033081055
hog_410,32.29977989196777
hog_268,32.213600158691406
hog_1691,32.17029058933258
hog_7,32.17006027698517
hog_1649,32.102490067481995
hog_561,32.02460956573486
hog_166,31.9958393573761
hog_832,31.977750539779663
hog_996,31.971409797668457
hog_976,31.96358060836792
hog_1613,31.92808985710144
hog_731,31.925389289855957
hog_1576,31.92483949661255
hog_660,31.920600414276123
hog_1470,31.892959594726562
hog_284,31.80701994895935
hog_1641,31.774030089378357
hog_1375,31.759419918060303
hog_290,31.738489747047424
hog_497,31.714879989624023
lbp_s512p8r1_b6,31.690539956092834
hog_369,31.652610540390015
hog_238,31.53496026992798
hog_1410,31.495460152626038
hog_898,31.488799929618835
hog_491,31.48235058784485
hog_749,31.478880286216736
hog_1269,31.477870225906372
hog_575,31.38386058807373
hog_615,31.32247018814087
hog_1328,31.318270683288574
hog_601,31.30990982055664
hog_628,31.302980065345764
hog_1753,31.2915997505188
hog_1355,31.269479990005493
hog_1064,31.24980926513672
hog_1173,31.186099648475647
gabor_l4_t3_std,31.16806924343109
hog_399,31.15626037120819
hog_703,31.14380979537964
hog_1544,31.135940074920654
hog_791,31.135019779205322
hog_1438,31.106680750846863
hog_624,31.10640037059784
hog_761,31.011499643325806
hog_962,30.987419962882996
hog_1391,30.9822199344635
hog_445,30.978010416030884
hog_378,30.816150188446045
hog_159,30.679069995880127
hog_1743,30.627999782562256
hog_590,30.581560492515564
hog_1468,30.561200261116028
glcm_dissimilarity_d4_range,30.534240126609802
hog_1230,30.485869646072388
hog_1295,30.407219648361206
hog_129,30.39510941505432
hog_368,30.371229648590088
hog_364,30.357150077819824
glcm_correlation_d4_mean,30.344782948493958
hog_536,30.318859577178955
hog_1191,30.303209245204926
hog_1116,30.296940326690674
hog_957,30.29233956336975
hog_1002,30.244739532470703
hog_931,30.227590560913086
hog_189,30.16385006904602
hog_720,30.1483393907547
glcm_energy_d4_mean,30.142179489135742
hog_1171,30.134589672088623
hog_124,30.05863070487976
hog_1172,30.039249897003174
hog_657,29.958449840545654
hog_955,29.941949605941772
hog_260,29.93152952194214
int_hist6,29.867669939994812
hog_451,29.85103976726532
hog_868,29.846919775009155
hog_353,29.842350363731384
hog_727,29.829309940338135
hog_1106,29.819519639015198
hog_97,29.817240476608276
hog_1183,29.806180000305176
hog_56,29.79480004310608
hog_442,29.784719705581665
hog_251,29.763100266456604
hog_58,29.743460178375244
int_p5,29.742080211639404
hog_1387,29.724889636039734
hog_573,29.724180221557617
int_entropy,29.717639923095703
hog_1089,29.685459971427917
hog_1662,29.663450002670288
hog_570,29.651360273361206
hog_1217,29.622190475463867
hog_475,29.6152001619339
glcm_homogeneity_d2_range,29.52963900566101
hog_1224,29.52960991859436
hog_560,29.526159644126892
hog_1278,29.440510272979736
hog_886,29.359480381011963
hog_516,29.331119298934937
hog_544,29.31429958343506
hog_1420,29.24721050262451
hog_1630,29.243390202522278
hog_1683,29.23484969139099
hog_556,29.19117033481598
hog_904,29.07200002670288
hog_1098,28.990630626678467
int_Linf_p90,28.96423077583313
hog_1688,28.94412088394165
hog_1443,28.915530681610107
hog_416,28.85412049293518
hog_1023,28.812379837036133
hog_587,28.811620354652405
hog_678,28.75392985343933
hog_1220,28.753089904785156
hog_1094,28.64601957798004
hog_779,28.638750731945038
hog_571,28.543520212173462
glcm_energy_d2_mean,28.52676010131836
hog_658,28.441360116004944
hog_215,28.439419746398926
hog_903,28.43000054359436
hog_1413,28.409589290618896
hog_1282,28.353190183639526
hog_1176,28.32813000679016
hog_57,28.28498935699463
hog_947,28.22108006477356
hog_1522,28.217249512672424
hog_874,28.188010454177856
hog_1028,28.172269821166992
hog_869,28.16782033443451
hog_770,28.161589980125427
hog_1541,28.14537012577057
hog_1240,28.079800605773926
hog_186,27.974039554595947
hog_1394,27.96054995059967
hog_448,27.893630027770996
hog_1239,27.814769864082336
hog_1644,27.777360320091248
hog_138,27.712809562683105
glcm_dissimilarity_d1_mean,27.629120588302612
hog_1115,27.58527970314026
hog_1739,27.574694752693176
hog_65,27.55469036102295
hog_1161,27.544699907302856
hog_795,27.501659870147705
hog_1400,27.3918799161911
hog_360,27.3228497505188
hog_1640,27.294620275497437
hog_1425,27.21414041519165
hog_149,27.204339504241943
hog_1669,27.164859771728516
hog_1167,27.079220294952393
int_hist0,27.07903015613556
hog_446,27.04411029815674
hog_1620,27.004910469055176
hog_1364,26.998209714889526
hog_781,26.892209649086
hog_98,26.862709760665894
hog_956,26.842889308929443
hog_206,26.832280039787292
hog_576,26.772249221801758
hog_858,26.771650075912476
hog_1389,26.690459966659546
hog_681,26.666629552841187
hog_1392,26.66168999671936
hog_250,26.614400148391724
hog_910,26.599341452121735
hog_1235,26.522220134735107
hog_1020,26.501029014587402
hog_295,26.478490114212036
int_kurt,26.404080271720886
hog_917,26.3496196269989
hog_936,26.340199947357178
hog_308,26.24794054031372
hog_1637,26.20173978805542
hog_1631,26.111270546913147
hog_480,26.068269729614258
hog_106,26.010059595108032
hog_1732,25.91416025161743
hog_1697,25.91187024116516
hog_333,25.911030054092407
hog_980,25.889210104942322
hog_311,25.882500648498535
hog_1334,25.753249645233154
hog_46,25.716749668121338
hog_1593,25.713239908218384
hog_66,25.67939043045044
hog_928,25.50665044784546
hog_397,25.50629997253418
hog_1077,25.49126946926117
hog_1716,25.449079990386963
hog_382,25.396481037139893
int_hist1,25.34887981414795
hog_548,25.30603051185608
hog_134,25.274569511413574
hog_927,25.214839220046997
hog_1339,25.17943000793457
hog_1092,25.135510206222534
hog_532,25.130240201950073
hog_1594,25.125019550323486
hog_799,25.110219955444336
hog_1125,25.089459657669067
int_hist15,25.052209973335266
hog_362,24.94078004360199
hog_74,24.940430164337158
hog_708,24.91600000858307
hog_220,24.847320556640625
hog_1142,24.828810334205627
hog_233,24.770609498023987
hog_1344,24.765160083770752
hog_923,24.743250131607056
hog_1664,24.73619031906128
hog_1536,24.64154028892517
glcm_correlation_d2_mean,24.55592966079712
hog_278,24.530499696731567
glcm_dissimilarity_d2_range,24.52195954322815
hog_1270,24.513989567756653
hog_389,24.492659330368042
hog_880,24.438989639282227
hog_1704,24.416280031204224
glcm_correlation_d2_range,24.41283917427063
hog_1232,24.34050989151001
hog_1386,24.29204022884369
hog_1588,24.232840180397034
hog_1610,24.111169934272766
hog_1604,24.091590404510498
hog_1476,24.008830070495605
hog_1482,23.946110010147095
hog_1121,23.944769859313965
hog_1427,23.87257957458496
hog_635,23.850030064582825
hog_372,23.83175015449524
hog_1423,23.823500275611877
hog_1749,23.807469964027405
int_Lmed_std,23.631689310073853
hog_815,23.5343199968338
hog_1398,23.471349716186523
hog_642,23.47048020362854
hog_464,23.412280559539795
hog_1529,23.380199670791626
hog_330,23.376660227775574
hog_358,23.352550268173218
hog_419,23.32891011238098
hog_983,23.269710063934326
hog_424,23.22563946247101
hog_1188,23.220040321350098
hog_701,23.1528000831604
hog_557,23.133739948272705
hog_1209,23.107749938964844
hog_743,23.08719003200531
hog_222,23.081560254096985
hog_1374,23.076990127563477
hog_185,23.058660745620728
hog_1426,23.03049063682556
hog_324,23.00643002986908
hog_45,22.92834997177124
hog_780,22.921209573745728
hog_402,22.877050161361694
glcm_dissimilarity_d1_range,22.865800857543945
hog_103,22.862810134887695
hog_199,22.759679913520813
hog_783,22.718779802322388
hog_730,22.702810287475586
hog_1193,22.699820160865784
hog_498,22.66174018383026
hog_366,22.66165041923523
hog_1117,22.595430612564087
hog_1091,22.574399709701538
hog_1401,22.551609992980957
hog_274,22.54759979248047
hog_462,22.531150102615356
hog_977,22.530399799346924
hog_605,22.428040385246277
hog_1063,22.260329842567444
hog_1477,22.225050449371338
hog_1275,22.203819751739502
hog_533,22.147210001945496
hog_777,22.14425039291382
hog_907,22.141250252723694
hog_287,22.072670221328735
hog_463,22.03493046760559
hog_1741,22.015729904174805
hog_1014,21.98009991645813
hog_1154,21.977100133895874
hog_171,21.908470153808594
hog_578,21.85176920890808
hog_762,21.800730228424072
hog_1033,21.78477931022644
hog_392,21.779850244522095
hog_649,21.7744699716568
hog_1225,21.767119765281677
hog_1048,21.751800060272217
hog_1047,21.68362021446228
hog_1515,21.662850379943848
hog_813,21.662539839744568
hog_1715,21.645970106124878
hog_919,21.64152979850769
hog_1203,21.60366988182068
hog_884,21.589360237121582
hog_690,21.581499814987183
hog_126,21.548160552978516
hog_120,21.545120358467102
hog_1080,21.49810004234314
hog_22,21.39247989654541
hog_967,21.326550006866455
hog_411,21.2844398021698
hog_454,21.21986985206604
hog_562,21.17850971221924
hog_769,21.14328956604004
hog_853,21.1055805683136
hog_668,21.048190355300903
hog_1687,20.995279788970947
hog_1056,20.97842025756836
hog_634,20.908419728279114
hog_1113,20.851059913635254
hog_1347,20.730759620666504
hog_408,20.676579475402832
hog_1385,20.63517987728119
hog_1307,20.574439764022827
hog_174,20.54640018939972
hog_897,20.538849592208862
hog_645,20.47160029411316
hog_696,20.458699584007263
hog_522,20.437340140342712
hog_801,20.366010189056396
hog_154,20.363059997558594
hog_1742,20.355119824409485
hog_782,20.283080637454987
hog_921,20.26377010345459
hog_1689,20.21361017227173
hog_365,20.202439785003662
hog_1050,20.08326005935669
hog_905,20.02794063091278
hog_13,19.951810598373413
hog_1330,19.9366694688797
hog_1122,19.836789965629578
hog_1150,19.821200013160706
hog_877,19.604779958724976
hog_1577,19.548919916152954
hog_172,19.539220094680786
hog_1159,19.518229961395264
hog_102,19.401509761810303
hog_841,19.359639644622803
hog_879,19.346050024032593
hog_825,19.306400299072266
hog_847,19.144429922103882
hog_1127,19.140439748764038
hog_773,19.110959649086
hog_128,19.076650023460388
hog_736,19.040239930152893
hog_471,19.03592026233673
hog_70,18.775779485702515
hog_734,18.769240379333496
hog_1568,18.720930218696594
hog_949,18.71237015724182
hog_502,18.628820300102234
hog_63,18.603179693222046
hog_1017,18.593299627304077
hog_569,18.503360509872437
glcm_ASM_d4_mean,18.4377498626709
hog_173,18.417290091514587
hog_1140,18.357999801635742
hog_513,18.323090076446533
hog_1597,18.31911039352417
hog_540,18.228009939193726
hog_822,18.176780104637146
hog_1265,18.1728093624115
hog_1009,18.11486005783081
hog_1632,18.031440019607544
hog_537,18.01312017440796
hog_34,17.954990029335022
hog_423,17.94760012626648
hog_407,17.90222990512848
hog_1692,17.857559323310852
hog_859,17.852629899978638
hog_508,17.772250175476074
hog_608,17.769400000572205
glcm_contrast_d4_range,17.757919549942017
hog_1135,17.726239800453186
hog_131,17.68358039855957
hog_693,17.603129863739014
hog_1288,17.58085036277771
glcm_correlation_d1_mean,17.55944001674652
hog_525,17.551130294799805
hog_331,17.538450241088867
hog_1673,17.50359010696411
hog_866,17.485920071601868
hog_1086,17.46741032600403
hog_396,17.436130046844482
hog_1428,17.37897217273712
hog_1190,17.316649556159973
hog_1174,17.316309928894043
hog_1165,17.23298978805542
hog_890,17.173790454864502
hog_611,16.97389042377472
hog_116,16.967620015144348
hog_845,16.950649738311768
hog_583,16.91644012928009
hog_117,16.86818015575409
hog_494,16.86577022075653
hog_796,16.853060007095337
hog_722,16.734840154647827
hog_204,16.62047028541565
hog_300,16.546339511871338
hog_15,16.51031005382538
hog_217,16.377899885177612
hog_143,16.323619961738586
hog_671,16.31616973876953
hog_789,16.28521990776062
gabor_l4_t1_std,16.279659867286682
hog_158,16.19053018093109
hog_1599,16.134419798851013
hog_1690,16.113759994506836
hog_146,15.991360187530518
hog_616,15.957420229911804
hog_1383,15.953349828720093
hog_581,15.913730144500732
hog_1212,15.898120284080505
hog_1538,15.874740242958069
hog_752,15.858629822731018
hog_564,15.838980317115784
hog_1508,15.739999771118164
hog_1227,15.732709884643555
hog_597,15.393270373344421
hog_1405,15.28603994846344
hog_1138,15.239570140838623
hog_257,15.164690256118774
hog_1132,15.127880334854126
hog_763,15.119010090827942
hog_130,15.010700464248657
hog_162,15.006409883499146
hog_1346,14.999850034713745
hog_20,14.880119919776917
hog_113,14.769080519676208
hog_1589,14.727680206298828
glcm_entropy_d2_mean,14.712769985198975
hog_655,14.690160036087036
hog_1003,14.619029998779297
int_hist9,14.481860160827637
hog_148,14.385050058364868
hog_281,14.301759958267212
hog_1372,14.194599747657776
hog_421,14.19346010684967
hog_1277,14.02245020866394
hog_1694,13.946670055389404
hog_1323,13.878340482711792
hog_637,13.844170331954956
hog_1363,13.843689918518066
hog_617,13.726410388946533
hog_157,13.679119944572449
hog_1362,13.64717984199524
hog_1026,13.615220069885254
hog_920,13.60925030708313
hog_1267,13.5764901638031
hog_860,13.565989971160889
hog_1409,13.5519700050354
hog_1082,13.505150079727173
hog_1431,13.494970202445984
hog_1332,13.287929773330688
hog_636,13.272849798202515
hog_191,13.254929780960083
hog_458,13.226219654083252
hog_363,13.221099853515625
hog_1350,13.186599969863892
hog_334,13.143369674682617
hog_460,13.097599983215332
hog_1731,13.081559658050537
lbp_s512p16r2_b9,12.976750135421753
hog_607,12.827270269393921
hog_1393,12.8087797164917
hog_1021,12.735640048980713
hog_312,12.589070320129395
hog_1507,12.53164029121399
hog_280,12.4863600730896
hog_1376,12.361999988555908
hog_1417,12.28838038444519
hog_630,12.277310371398926
hog_629,12.257399559020996
hog_1483,12.1771799325943
hog_1271,12.15188992023468
hog_849,12.102850079536438
gabor_l4_t2_std,12.007500171661377
hog_695,11.863959789276123
hog_969,11.75820016860962
hog_909,11.641779899597168
hog_1625,11.638370037078857
hog_1,11.577039957046509
hog_12,11.556220293045044
hog_1145,11.547239661216736
hog_768,11.451429963111877
hog_747,11.421770095825195
hog_450,11.31745994091034
hog_104,11.284899711608887
hog_1251,11.254249572753906
hog_500,11.091609954833984
hog_1748,11.0629301071167
hog_339,10.925390005111694
hog_1039,10.816460013389587
hog_567,10.612610220909119
hog_1228,10.610730051994324
hog_872,10.474260091781616
hog_755,10.35890007019043
hog_816,10.350489974021912
hog_827,10.262400150299072
hog_1583,10.247239589691162
hog_1501,10.203809976577759
hog_609,10.143799901008606
hog_320,10.08594012260437
hog_1331,10.06810998916626
hog_322,9.887709975242615
hog_848,9.781969785690308
glcm_dissimilarity_d2_mean,9.692820310592651
hog_854,9.65828025341034
hog_1516,9.621570110321045
hog_81,9.58705997467041
hog_417,9.572489738464355
hog_1055,9.55394983291626
hog_1455,9.509379863739014
hog_26,9.479909896850586
hog_1012,9.30132007598877
hog_699,9.255039930343628
hog_895,9.219350099563599
hog_1049,9.113539934158325
hog_758,9.065849781036377
hog_821,8.945549726486206
hog_1273,8.852100014686584
hog_132,8.795850038528442
hog_687,8.723269939422607
hog_115,8.723109722137451
hog_987,8.70028018951416
hog_211,8.592049598693848
hog_1422,8.435060024261475
hog_1244,8.250490188598633
hog_717,8.167010188102722
hog_1146,8.092360019683838
hog_459,8.074729919433594
hog_938,8.019579887390137
glcm_entropy_d1_mean,7.875249862670898
hog_1226,7.796480178833008
glcm_dissimilarity_d4_mean,7.771590232849121
glcm_contrast_d1_mean,7.699639797210693
lbp_s512p16r2_b1,7.6401801109313965
hog_814,7.5932700634002686
hog_1169,7.513460159301758
hog_689,7.351839780807495
hog_837,7.326629877090454
int_std,7.323660135269165
hog_638,7.2802101373672485
hog_954,7.25832986831665
hog_804,7.225610017776489
hog_899,7.128139972686768
hog_633,7.114389896392822
hog_49,7.085779786109924
hog_489,6.997900009155273
hog_644,6.96806001663208
hog_472,6.878309965133667
lbp_s512p16r2_b16,6.8736900091171265
glcm_contrast_d2_mean,6.86752986907959
hog_885,6.727169990539551
hog_1081,6.722209930419922
hog_652,6.722179889678955
hog_867,6.664818167686462
glcm_ASM_d2_mean,6.6628098487854
hog_857,6.649489879608154
hog_341,6.520269870758057
hog_612,6.4479899406433105
hog_401,6.3074400424957275
hog_1602,6.27839994430542
glcm_contrast_d4_mean,6.272150158882141
hog_935,6.090290069580078
hog_1651,6.0000399351119995
hog_394,5.871140003204346
hog_321,5.870019912719727
gabor_l8_t3_std,5.3747100830078125
hog_133,5.200389862060547
hog_261,5.180910110473633
hog_1547,5.138559937477112
glcm_correlation_d1_range,4.965879917144775
hog_1441,4.843679904937744
hog_975,4.684360027313232
hog_622,4.683010101318359
hog_721,4.619790077209473
hog_1285,4.60480010509491
hog_767,4.260000109672546
hog_197,4.142280101776123
hog_1245,4.086039900779724
hog_1302,3.983560085296631
hog_404,3.924649953842163
hog_598,3.6792800426483154
hog_1186,3.6104700565338135
hog_167,3.4971001148223877
hog_986,3.4901599884033203
hog_348,3.309890031814575
hog_620,3.2327699661254883
hog_1207,3.055310010910034
hog_1360,3.0320498943328857
int_p95,2.9503300189971924
hog_1373,2.938539981842041
hog_1168,2.830749988555908
hog_1491,2.4869399070739746
hog_840,2.4611001014709473
hog_1100,2.383690118789673
hog_1066,2.227180004119873
hog_694,2.1337499618530273
hog_1446,2.107140064239502
hog_346,2.102099895477295
hog_585,2.09552001953125
hog_950,2.0160698890686035
hog_861,2.008820056915283
hog_797,1.8332200050354004
hog_1399,1.6455800533294678
glcm_energy_d1_mean,1.5967400074005127
hog_1060,0.0
hog_665,0.0
glcm_ASM_d1_mean,0.0
glcm_contrast_d1_range,0.0
hog_896,0.0
hog_1490,0.0
hog_651,0.0
hog_669,0.0
hog_285,0.0
hog_1466,0.0
hog_551,0.0
hog_878,0.0
hog_427,0.0
