familia,queda_auc
Intensidade (zonal),0.014168331185750338
Intensidade (zonal),0.015969366482988523
Intensidade (zonal),0.01992849486657078
Intensidade (zonal),0.024032013742131708
Intensidade (zonal),0.01774558680042948
Intensidade (zonal),0.018762749603885243
Intensidade (zonal),0.01657557488454031
Intensidade (zonal),0.00789814183793125
Intensidade (zonal),0.017559312788171577
Intensidade (zonal),0.016491502542385406
GLCM/Haralick,0.004932278216979613
GLCM/Haralick,0.00527355738391877
GLCM/Haralick,0.0016496518980453345
GLCM/Haralick,0.003075280875831754
GLCM/Haralick,0.004158661081173354
GLCM/Haralick,0.004248632380422057
GLCM/Haralick,0.003749413627349263
GLCM/Haralick,0.005585728414567281
GLCM/Haralick,0.0063413637495752795
GLCM/Haralick,0.003808942875488386
LBP,0.010714837785871678
LBP,0.008219846426101629
LBP,0.00926497702903828
LBP,0.007255419006953701
LBP,0.010885846740827154
LBP,0.009575431640136078
LBP,0.006518622803676322
LBP,0.006977119765678497
LBP,0.0063951877992705075
LBP,0.005353585670785699
Gabor,0.0037537004169332366
Gabor,0.0048657242221659125
Gabor,0.003269714483364994
Gabor,0.0033553743701020267
Gabor,0.004971079382293464
Gabor,0.003495727624300504
Gabor,0.002553736632228798
Gabor,0.003379266290287619
Gabor,0.001948515628130032
Gabor,0.003503934757327798
HOG,0.19078349984617526
HOG,0.18896961216063435
HOG,0.18911879068429804
HOG,0.20275878010917803
HOG,0.20318199093791278
HOG,0.20284692108269298
HOG,0.18944167049999183
HOG,0.19044411336415867
HOG,0.19817655652585242
HOG,0.19851663617664939
